	#Organism/Name	TaxID	BioProject Accession	BioProject ID	Group	SubGroup	Size (Mb)	GC%	Assembly Accession	Replicons	WGS	Scaffolds	Genes	Proteins	Release Date	Modify Date	Status	Center	BioSample Accession	AT_content
9057	Acrobates pygmaeus	190720	PRJEB39788	690434	Animals	Mammals	2.50073	45.0	GCA_904813335.1		CAJGQL01	2071			2021/01/25	2021/02/21	Contig	AUSTRALIAN NATIONAL UNIVERSITY	SAMEA7321259	55.0
9053	Aepyprymnus rufescens	38598	PRJEB39788	690434	Animals	Mammals	2.29502	45.1	GCA_904813175.1		CAJGQB01	2046			2021/01/25	2021/02/21	Contig	AUSTRALIAN NATIONAL UNIVERSITY	SAMEA7321249	54.9
21856	Antechinomys laniger	60701	PRJEB39788	690434	Animals	Mammals	1.50166	45.1	GCA_904813805.1		CAJGSJ01	2031			2021/01/25	2021/02/21	Contig	AUSTRALIAN NATIONAL UNIVERSITY	SAMEA7321308	54.9
22147	Antechinomys laniger	60701	PRJEB39788	690434	Animals	Mammals	0.250073	48.5	GCA_904814365.1		CAJGUM01	446			2021/01/25	2021/02/21	Contig	AUSTRALIAN NATIONAL UNIVERSITY	SAMEA7321364	51.5
16468	Antechinomys laniger	60701	PRJEB39788	690434	Animals	Mammals	1.74498	44.8	GCA_904814035.1		CAJGTG01	1976			2021/01/25	2021/02/21	Contig	AUSTRALIAN NATIONAL UNIVERSITY	SAMEA7321331	55.2
9015	Antechinomys laniger	60701	PRJEB39788	690434	Animals	Mammals	1.67756	43.5	GCA_904810915.1		CAJGJB01	2007			2021/01/25	2021/02/21	Contig	AUSTRALIAN NATIONAL UNIVERSITY	SAMEA7321019	56.5
9090	Antechinus agilis	400481	PRJEB39788	690434	Animals	Mammals	1.76789	44.6	GCA_904814085.1		CAJGTJ01	1996			2021/01/25	2021/02/21	Contig	AUSTRALIAN NATIONAL UNIVERSITY	SAMEA7321336	55.4
9102	Antechinus bellus	71384	PRJEB39788	690434	Animals	Mammals	1.55731	45.8	GCA_904813565.1		CAJGRL01	1963			2021/01/25	2021/02/21	Contig	AUSTRALIAN NATIONAL UNIVERSITY	SAMEA7321288	54.2
16875	Antechinus flavipes	38775	PRJEB39788	690434	Animals	Mammals	1.65604	45.3	GCA_904813615.1		CAJGRQ01	1972			2021/01/25	2021/02/21	Contig	AUSTRALIAN NATIONAL UNIVERSITY	SAMEA7321289	54.7
9001	Antechinus godmani	71385	PRJEB39788	690434	Animals	Mammals	2.13692	43.4	GCA_904810635.1		CAJGIF01	2057			2021/01/25	2021/02/21	Contig	AUSTRALIAN NATIONAL UNIVERSITY	SAMEA7320999	56.6
9103	Antechinus leo	65606	PRJEB39788	690434	Animals	Mammals	1.72617	44.8	GCA_904813635.1		CAJGRT01	1958			2021/01/25	2021/02/21	Contig	AUSTRALIAN NATIONAL UNIVERSITY	SAMEA7321292	55.2
9016	Antechinus mimetes	2547910	PRJEB39788	690434	Animals	Mammals	1.50654	45.9	GCA_904810935.1		CAJGJC01	2066			2021/01/25	2021/02/21	Contig	AUSTRALIAN NATIONAL UNIVERSITY	SAMEA7321021	54.1
9091	Antechinus minimus	71386	PRJEB39788	690434	Animals	Mammals	1.66535	45.4	GCA_904814075.1		CAJGTL01	1972			2021/01/25	2021/02/21	Contig	AUSTRALIAN NATIONAL UNIVERSITY	SAMEA7321337	54.6
16867	Antechinus stuartii	9283	PRJEB39788	690434	Animals	Mammals	2.23963	44.0	GCA_904813365.1		CAJGQU01	2019			2021/01/25	2021/02/21	Contig	AUSTRALIAN NATIONAL UNIVERSITY	SAMEA7321268	56.0
22303	Ateles geoffroyi	9509	PRJNA790674	790674	Animals	Mammals	27.3243	40.3	GCA_030247475.1		DAJYAJ01	758			2023/06/08	2023/06/08	Scaffold	BGI-Shenzhen	SAMN24220309	59.7
9025	Bettongia anhydra	1636722	PRJEB39788	690434	Animals	Mammals	0.828129	46.5	GCA_904812045.1		CAJGNN01	1667			2021/01/25	2021/02/21	Contig	AUSTRALIAN NATIONAL UNIVERSITY	SAMEA7321035	53.5
9004	Bettongia gaimardi	223568	PRJEB39788	690434	Animals	Mammals	0.671903	50.8	GCA_904810735.1		CAJGIM01	1531			2021/01/25	2021/02/21	Contig	AUSTRALIAN NATIONAL UNIVERSITY	SAMEA7321003	49.2
9051	Bettongia lesueur	65621	PRJEB39788	690434	Animals	Mammals	2.1584	45.4	GCA_904813165.1		CAJGQA01	2051			2021/01/25	2021/02/21	Contig	AUSTRALIAN NATIONAL UNIVERSITY	SAMEA7321245	54.6
16455	Bettongia penicillata	69259	PRJEB39788	690434	Animals	Mammals	2.23879	45.2	GCA_904813155.1		CAJGPW01	2046			2021/01/25	2021/02/21	Contig	AUSTRALIAN NATIONAL UNIVERSITY	SAMEA7321244	54.8
9100	Bettongia tropica	135160	PRJEB39788	690434	Animals	Mammals	1.38595	46.9	GCA_904814315.1		CAJGUF01	1998			2021/01/25	2021/02/21	Contig	AUSTRALIAN NATIONAL UNIVERSITY	SAMEA7321360	53.1
29462	Bos taurus	9913	PRJNA450837	450837	Animals	Mammals	59.4763	45.1	GCA_030378505.1	chromosome Y:CP128563.1		1			2023/07/01	2023/07/28	Chromosome	NCBI	SAMN35642812	54.9
9063	Burramys parvus	38600	PRJEB39788	690434	Animals	Mammals	2.65133	44.8	GCA_904813065.1		CAJGPN01	2054			2021/01/25	2021/02/21	Contig	AUSTRALIAN NATIONAL UNIVERSITY	SAMEA7321239	55.2
22467	Calidris pugnax	198806	PRJNA1033986	1033986	Animals	Birds	19.3233	41.7	GCA_036321225.1		JAWSUB01	1			2024/01/31	2024/01/31	Scaffold	Uppsala University	SAMN26688159	58.3
26838	Callithrix jacchus	9483	PRJNA631688	631688	Animals	Mammals	8.22817	42.5	GCA_013138085.1	chromosome Y:CM023155.1		9			2020/05/22	2020/05/26	Chromosome	Whitehead Institute for Biomedical Research	SAMN14971925	57.5
16464	Caloprymnus campestris	223567	PRJEB39788	690434	Animals	Mammals	1.31964	46.7	GCA_904811975.1		CAJGNK01	2008			2021/01/25	2021/02/21	Contig	AUSTRALIAN NATIONAL UNIVERSITY	SAMEA7321037	53.3
9024	Caloprymnus campestris	223567	PRJEB39788	690434	Animals	Mammals	1.52579	46.1	GCA_904812065.1		CAJGNH01	2025			2021/01/25	2021/02/21	Contig	AUSTRALIAN NATIONAL UNIVERSITY	SAMEA7321034	53.9
8986	Caluromys derbianus	992409	PRJEB39788	690434	Animals	Mammals	0.810843	49.0	GCA_904810665.1		CAJGHU01	1942			2021/01/25	2021/02/21	Contig	AUSTRALIAN NATIONAL UNIVERSITY	SAMEA7320983	51.0
22894	Camelus bactrianus	9837	PRJNA510731	510731	Animals	Mammals	3.78549	38.7	GCA_006757725.1		RYZT01	1775			2019/07/03	2019/07/03	Contig	The International Camel Consortium	SAMN03365965	61.3
28578	Canis lupus familiaris	9615	PRJEB34360	636718	Animals	Mammals	0.554063	25.6	GCA_964162815.1	chromosome 1:OZ072774.1		1			2024/06/01	2024/06/04	Chromosome	The Waltham Centre for Pet Nutrition, Leicestershire, England	SAMEA5953209	74.4
28524	Canis lupus familiaris	9615	PRJNA539970	539970	Animals	Mammals	178.532	40.5	GCA_005446665.1		SWLD01	6849			2019/05/16	2019/05/16	Contig	University of Michigan	SAMN04851098	59.5
28289	Canis lupus familiaris	9615	PRJNA305243	305243	Animals	Mammals	0.143578	34.7	GCA_002087435.1		LQAT01	12			2017/04/07	2017/04/07	Scaffold	CAAS	SAMN04320964	65.3
28795	Canis lupus familiaris	9615	PRJEB34360	636718	Animals	Mammals	0.552047	25.6	GCA_964164975.1	chromosome 1:OZ073011.1		1			2024/06/01	2024/06/04	Chromosome	The Waltham Centre for Pet Nutrition, Leicestershire, England	SAMEA5953213	74.4
27301	Capra hircus	9925	PRJNA613782	613782	Animals	Mammals	11.4801	40.3	GCA_018357025.1		JAGRQG01	33			2021/05/06	2021/05/06	Scaffold	Huzhong Agricultural University	SAMN14421278	59.7
20412	Cebus albifrons	9514	PRJNA790674	790674	Animals	Mammals	22.0602	38.8	GCA_030247415.1		DAJYAI01	406			2023/06/08	2023/06/08	Scaffold	BGI-Shenzhen	SAMN24220310	61.2
9028	Cercartetus caudatus	38602	PRJEB39788	690434	Animals	Mammals	2.04582	45.3	GCA_904811095.1		CAJGJN01	2055			2021/01/25	2021/02/21	Contig	AUSTRALIAN NATIONAL UNIVERSITY	SAMEA7321040	54.7
16465	Cercartetus concinnus	190651	PRJEB39788	690434	Animals	Mammals	1.23274	47.7	GCA_904813675.1		CAJGRW01	1993			2021/01/25	2021/02/21	Contig	AUSTRALIAN NATIONAL UNIVERSITY	SAMEA7321295	52.3
9022	Cercartetus concinnus	190651	PRJEB39788	690434	Animals	Mammals	1.13223	48.2	GCA_904810795.1		CAJGIV01	2024			2021/01/25	2021/02/21	Contig	AUSTRALIAN NATIONAL UNIVERSITY	SAMEA7321017	51.8
8989	Cercartetus lepidus	190652	PRJEB39788	690434	Animals	Mammals	1.76818	45.0	GCA_904810685.1		CAJGHS01	2053			2021/01/25	2021/02/21	Contig	AUSTRALIAN NATIONAL UNIVERSITY	SAMEA7320986	55.0
9060	Cercartetus nanus	190653	PRJEB39788	690434	Animals	Mammals	2.50235	45.1	GCA_904813375.1		CAJGQR01	2069			2021/01/25	2021/02/21	Contig	AUSTRALIAN NATIONAL UNIVERSITY	SAMEA7321265	54.9
16456	Cercartetus nanus	190653	PRJEB39788	690434	Animals	Mammals	2.14079	45.9	GCA_904813545.1		CAJGRG01	2055			2021/01/25	2021/02/21	Contig	AUSTRALIAN NATIONAL UNIVERSITY	SAMEA7321279	54.1
19102	Chlorocebus aethiops	9534	PRJNA790674	790674	Animals	Mammals	14.1322	39.9	GCA_030247385.1		DAJYAH01	153			2023/06/08	2023/06/08	Scaffold	BGI-Shenzhen	SAMN24220311	60.1
8993	Dactylopsila palpator	65607	PRJEB39788	690434	Animals	Mammals	1.58569	46.0	GCA_904814155.1		CAJGTT01	2021			2021/01/25	2021/02/21	Contig	AUSTRALIAN NATIONAL UNIVERSITY	SAMEA7321345	54.0
16479	Dactylopsila palpator	65607	PRJEB39788	690434	Animals	Mammals	1.18134	48.3	GCA_904810675.1		CAJGIH01	2015			2021/01/25	2021/02/21	Contig	AUSTRALIAN NATIONAL UNIVERSITY	SAMEA7320990	51.7
19601	Dactylopsila trivirgata	38616	PRJEB39788	690434	Animals	Mammals	1.08288	46.7	GCA_904814225.1		CAJGTX01	1777			2021/01/25	2021/02/21	Contig	AUSTRALIAN NATIONAL UNIVERSITY	SAMEA7321350	53.3
721	Dactylopsila trivirgata	38616	PRJEB39788	690434	Animals	Mammals	1.98274	45.5	GCA_904811055.1		CAJGJP01	2046			2021/01/25	2021/02/21	Contig	AUSTRALIAN NATIONAL UNIVERSITY	SAMEA7321052	54.5
9092	Dasycercus blythi	1981332	PRJEB39788	690434	Animals	Mammals	1.64771	45.0	GCA_904814135.1		CAJGTO01	1926			2021/01/25	2021/02/21	Contig	AUSTRALIAN NATIONAL UNIVERSITY	SAMEA7321339	55.0
8875	Dasycercus cristicauda	32542	PRJEB39788	690434	Animals	Mammals	1.67818	45.6	GCA_904813795.1		CAJGSI01	2000			2021/01/25	2021/02/21	Contig	AUSTRALIAN NATIONAL UNIVERSITY	SAMEA7321309	54.4
9010	Dasykaluta rosamondae	33560	PRJEB39788	690434	Animals	Mammals	1.60064	45.7	GCA_904814265.1		CAJGUG01	1936			2021/01/25	2021/02/21	Contig	AUSTRALIAN NATIONAL UNIVERSITY	SAMEA7321362	54.3
16473	Dasykaluta rosamondae	33560	PRJEB39788	690434	Animals	Mammals	1.01191	49.5	GCA_904810525.1		CAJGHZ01	1830			2021/01/25	2021/02/21	Contig	AUSTRALIAN NATIONAL UNIVERSITY	SAMEA7320995	50.5
8988	Dasyuroides byrnei	32544	PRJEB39788	690434	Animals	Mammals	1.99611	44.9	GCA_904810555.1		CAJGIC01	2045			2021/01/25	2021/02/21	Contig	AUSTRALIAN NATIONAL UNIVERSITY	SAMEA7320985	55.1
9084	Dasyurus albopunctatus	32545	PRJEB39788	690434	Animals	Mammals	1.79767	44.2	GCA_904813945.1		CAJGSS01	2025			2021/01/25	2021/02/21	Contig	AUSTRALIAN NATIONAL UNIVERSITY	SAMEA7321318	55.8
9062	Dasyurus geoffroii	63143	PRJEB39788	690434	Animals	Mammals	2.10971	45.2	GCA_904813095.1		CAJGPQ01	2071			2021/01/25	2021/02/21	Contig	AUSTRALIAN NATIONAL UNIVERSITY	SAMEA7321236	54.8
20445	Dasyurus hallucatus	9280	PRJEB39788	690434	Animals	Mammals	1.55539	46.1	GCA_904813605.1		CAJGRP01	1944			2021/01/25	2021/02/21	Contig	AUSTRALIAN NATIONAL UNIVERSITY	SAMEA7321290	53.9
705	Dasyurus hallucatus	9280	PRJEB39788	690434	Animals	Mammals	1.83053	44.9	GCA_904813765.1		CAJGSC01	2016			2021/01/25	2021/02/21	Contig	AUSTRALIAN NATIONAL UNIVERSITY	SAMEA7321300	55.1
22935	Dasyurus hallucatus	9280	PRJEB39788	690434	Animals	Mammals	0.557637	51.6	GCA_904810955.1		CAJGJE01	1296			2021/01/25	2021/02/21	Contig	AUSTRALIAN NATIONAL UNIVERSITY	SAMEA7321023	48.4
19605	Dasyurus hallucatus	9280	PRJEB39788	690434	Animals	Mammals	1.76872	45.0	GCA_904813825.1		CAJGSM01	2005			2021/01/25	2021/02/21	Contig	AUSTRALIAN NATIONAL UNIVERSITY	SAMEA7321311	55.0
9052	Dasyurus maculatus	9281	PRJEB39788	690434	Animals	Mammals	2.12647	45.0	GCA_904813185.1		CAJGPX01	2057			2021/01/25	2021/02/21	Contig	AUSTRALIAN NATIONAL UNIVERSITY	SAMEA7321246	55.0
22804	Daubentonia madagascariensis	31869	PRJNA790674	790674	Animals	Mammals	9.68665	39.1	GCA_030247375.1		DAJYAG01	45			2023/06/08	2023/06/08	Scaffold	BGI-Shenzhen	SAMN24220313	60.9
7580	Dendrolagus dorianus notatus	225043	PRJEB39788	690434	Animals	Mammals	1.72721	44.4	GCA_904810745.1		CAJGIN01	2052			2021/01/25	2021/01/25	Contig	AUSTRALIAN NATIONAL UNIVERSITY	SAMEA7321005	55.6
720	Distoechurus pennatus	38614	PRJEB39788	690434	Animals	Mammals	2.28947	44.8	GCA_904813465.1		CAJGQZ01	2048			2021/01/25	2021/02/21	Contig	AUSTRALIAN NATIONAL UNIVERSITY	SAMEA7321277	55.2
16448	Dorcopsis hageni	926694	PRJEB39788	690434	Animals	Mammals	1.59479	46.1	GCA_904813915.1		CAJGSX01	2014			2021/01/25	2021/02/21	Contig	AUSTRALIAN NATIONAL UNIVERSITY	SAMEA7321321	53.9
9109	Dorcopsis hageni	926694	PRJEB39788	690434	Animals	Mammals	1.60329	45.3	GCA_904813935.1		CAJGSW01	2013			2021/01/25	2021/02/21	Contig	AUSTRALIAN NATIONAL UNIVERSITY	SAMEA7321322	54.7
21860	Dorcopsis hageni	926694	PRJEB39788	690434	Animals	Mammals	1.40186	46.8	GCA_904814275.1		CAJGUJ01	2023			2021/01/25	2021/02/21	Contig	AUSTRALIAN NATIONAL UNIVERSITY	SAMEA7321357	53.2
22145	Dorcopsis hageni	926694	PRJEB39788	690434	Animals	Mammals	1.21084	46.8	GCA_904814335.1		CAJGUC01	1917			2021/01/25	2021/02/21	Contig	AUSTRALIAN NATIONAL UNIVERSITY	SAMEA7321358	53.2
9066	Dorcopsulus vanheurni	69270	PRJEB39788	690434	Animals	Mammals	2.19104	45.2	GCA_904813395.1		CAJGQT01	2038			2021/01/25	2021/02/21	Contig	AUSTRALIAN NATIONAL UNIVERSITY	SAMEA7321267	54.8
22955	Dromiciops gliroides	33562	PRJEB39788	690434	Animals	Mammals	2.1724	45.7	GCA_904813475.1		CAJGRC01	2017			2021/01/25	2021/02/21	Contig	AUSTRALIAN NATIONAL UNIVERSITY	SAMEA7321272	54.3
16463	Echymipera clara	65610	PRJEB39788	690434	Animals	Mammals	1.25482	46.2	GCA_904813835.1		CAJGSL01	1966			2021/01/25	2021/02/21	Contig	AUSTRALIAN NATIONAL UNIVERSITY	SAMEA7321312	53.8
9027	Echymipera clara	65610	PRJEB39788	690434	Animals	Mammals	1.93725	44.8	GCA_904812085.1		CAJGNI01	1976			2021/01/25	2021/02/21	Contig	AUSTRALIAN NATIONAL UNIVERSITY	SAMEA7321038	55.2
9065	Echymipera kalubu	42733	PRJEB39788	690434	Animals	Mammals	2.14499	43.8	GCA_904813385.1		CAJGQS01	2009			2021/01/25	2021/02/21	Contig	AUSTRALIAN NATIONAL UNIVERSITY	SAMEA7321266	56.2
9033	Echymipera rufescens	65611	PRJEB39788	690434	Animals	Mammals	1.6958	45.7	GCA_904811145.1		CAJGJX01	1944			2021/01/25	2021/02/21	Contig	AUSTRALIAN NATIONAL UNIVERSITY	SAMEA7321045	54.3
21858	Echymipera rufescens	65611	PRJEB39788	690434	Animals	Mammals	1.32413	45.4	GCA_904813755.1		CAJGSE01	1984			2021/01/25	2021/02/21	Contig	AUSTRALIAN NATIONAL UNIVERSITY	SAMEA7321301	54.6
16462	Echymipera rufescens	65611	PRJEB39788	690434	Animals	Mammals	1.40753	44.7	GCA_904814255.1		CAJGUE01	1897			2021/01/25	2021/02/21	Contig	AUSTRALIAN NATIONAL UNIVERSITY	SAMEA7321361	55.3
27627	Equus caballus	9796	PRJNA353919	353919	Animals	Mammals	6.46249	37.6	GCA_002166905.2		MPVR02	764			2017/06/05	2019/12/02	Contig	Institute of Animal Breeding and Genetics - Vetmeduni Vienna	SAMN08391398	62.4
20972	Erythrocebus patas	9538	PRJNA790674	790674	Animals	Mammals	19.1753	40.0	GCA_030247355.1		DAJYAF01	216			2023/06/08	2023/06/08	Scaffold	BGI-Shenzhen	SAMN24220314	60.0
19254	Ficedula albicollis	59894	PRJEB7359	266403	Animals	Birds	6.99186	42.5	GCA_900067835.1		CVIS01	1807			2015/04/02	2015/04/02	Scaffold	Uppsala  University	SAMEA3166399	57.5
26694	Gorilla gorilla	9593	PRJNA18247	18247	Animals	Mammals	3.0229	41.0	GCA_000167515.2		AAGL01	4856			2006/11/09	2014/08/11	Contig	Institute of Molecular Biotechnology, Genome Analysis, Germany, Jena	SAMN02981220	59.0
26341	Gorilla gorilla	9593	PRJEB21791	396720	Animals	Mammals	24.2796	40.9	GCA_900199665.1		FZRD01	1062			2017/08/01	2017/08/01	Contig	WAGENINGEN UR	SAMEA104166795	59.1
25701	Gorilla gorilla gorilla	9595	PRJNA602326	602326	Animals	Mammals	14.2947	40.1	GCA_015021865.1		JADBMG01	268			2020/10/26	2020/10/26	Scaffold	Penn State University	SAMN04003007	59.9
26157	Gorilla gorilla gorilla	9595	PRJNA293447	293447	Animals	Mammals	25.3917	41.5	GCA_001484535.2		LQCJ01	697			2016/01/04	2016/08/30	Scaffold	The Pennsylvania State University	SAMN04003007	58.5
17265	Gymnobelideus leadbeateri	38618	PRJEB39788	690434	Animals	Mammals	1.13706	46.5	GCA_904812035.1		CAJGNG01	2076			2021/01/25	2021/02/21	Contig	AUSTRALIAN NATIONAL UNIVERSITY	SAMEA7321027	53.5
16474	Hemibelideus lemuroides	596256	PRJEB39788	690434	Animals	Mammals	0.700924	50.5	GCA_904810875.1		CAJGIW01	1630			2021/01/25	2021/02/21	Contig	AUSTRALIAN NATIONAL UNIVERSITY	SAMEA7321009	49.5
9009	Hemibelideus lemuroides	596256	PRJEB39788	690434	Animals	Mammals	1.06505	50.0	GCA_904814295.1		CAJGUK01	1641			2021/01/25	2021/02/21	Contig	AUSTRALIAN NATIONAL UNIVERSITY	SAMEA7321359	50.0
37739	Homo sapiens	9606	PRJEB6763	374443	Animals	Mammals	4.77284	44.6	GCA_900009325.2		CZSM02	1			2017/02/12	2017/02/12	Scaffold	STANFORD UNIVERSITY	SAMEA2660232	55.4
37803	Homo sapiens	9606	PRJEB6763	374443	Animals	Mammals	4.80365	44.6	GCA_900011225.2		CZSC02	1			2017/02/12	2017/02/12	Scaffold	STANFORD UNIVERSITY	SAMEA2660268	55.4
37691	Homo sapiens	9606	PRJEB6763	374443	Animals	Mammals	4.20555	44.5	GCA_900009215.2		CZRU02	1			2017/02/12	2017/02/12	Scaffold	STANFORD UNIVERSITY	SAMEA2660250	55.5
37604	Homo sapiens	9606	PRJEB6763	374443	Animals	Mammals	4.20865	44.5	GCA_900008995.2		CZUL02	1			2017/02/12	2017/02/12	Scaffold	STANFORD UNIVERSITY	SAMEA2660297	55.5
37588	Homo sapiens	9606	PRJEB6763	374443	Animals	Mammals	4.21257	44.5	GCA_900010785.2		CZUQ02	1			2017/02/12	2017/02/12	Scaffold	STANFORD UNIVERSITY	SAMEA2660301	55.5
37784	Homo sapiens	9606	PRJEB6763	374443	Animals	Mammals	4.31609	44.2	GCA_900009095.2		CZSF02	1			2017/02/12	2017/02/12	Scaffold	STANFORD UNIVERSITY	SAMEA2660263	55.8
37772	Homo sapiens	9606	PRJEB6763	374443	Animals	Mammals	4.36067	44.2	GCA_900008165.2		CZSP02	1			2017/02/12	2017/02/12	Scaffold	STANFORD UNIVERSITY	SAMEA2660266	55.8
37728	Homo sapiens	9606	PRJEB6763	374443	Animals	Mammals	4.65727	44.4	GCA_900009085.2		CZSG02	1			2017/02/12	2017/02/12	Scaffold	STANFORD UNIVERSITY	SAMEA2660256	55.6
37571	Homo sapiens	9606	PRJEB6763	374443	Animals	Mammals	4.36384	44.3	GCA_900008935.2		CZUA02	1			2017/02/12	2017/02/12	Scaffold	STANFORD UNIVERSITY	SAMEA2660288	55.7
37731	Homo sapiens	9606	PRJEB6763	374443	Animals	Mammals	4.79984	44.6	GCA_900012405.2		CZVA02	1			2017/02/12	2017/02/12	Scaffold	STANFORD UNIVERSITY	SAMEA2660313	55.4
37596	Homo sapiens	9606	PRJEB6763	374443	Animals	Mammals	4.37603	44.3	GCA_900008875.2		CZSI02	1			2017/02/12	2017/02/12	Scaffold	STANFORD UNIVERSITY	SAMEA2660272	55.7
37595	Homo sapiens	9606	PRJEB6763	374443	Animals	Mammals	4.40092	44.3	GCA_900009695.2		CZUX02	1			2017/02/12	2017/02/12	Scaffold	STANFORD UNIVERSITY	SAMEA2660310	55.7
37768	Homo sapiens	9606	PRJEB6763	374443	Animals	Mammals	4.72133	44.5	GCA_900008145.2		CZSR02	1			2017/02/12	2017/02/12	Scaffold	STANFORD UNIVERSITY	SAMEA2660267	55.5
37780	Homo sapiens	9606	PRJEB6763	374443	Animals	Mammals	4.01651	44.5	GCA_900008925.2		CZTX02	1			2017/02/12	2017/02/12	Scaffold	STANFORD UNIVERSITY	SAMEA2660285	55.5
37800	Homo sapiens	9606	PRJEB6763	374443	Animals	Mammals	4.74758	44.6	GCA_900009955.2		CZUM02	1			2017/02/12	2017/02/12	Scaffold	STANFORD UNIVERSITY	SAMEA2660299	55.4
37695	Homo sapiens	9606	PRJEB6763	374443	Animals	Mammals	4.78116	44.7	GCA_900009075.2		CZTR02	1			2017/02/12	2017/02/12	Scaffold	STANFORD UNIVERSITY	SAMEA2660280	55.3
37719	Homo sapiens	9606	PRJEB6763	374443	Animals	Mammals	4.78084	44.6	GCA_900019285.2		CZRV02	1			2017/02/12	2017/02/12	Scaffold	STANFORD UNIVERSITY	SAMEA2660240	55.4
37704	Homo sapiens	9606	PRJEB6763	374443	Animals	Mammals	4.74807	44.6	GCA_900007485.2		CZTC02	1			2017/02/12	2017/02/12	Scaffold	STANFORD UNIVERSITY	SAMEA2660271	55.4
37708	Homo sapiens	9606	PRJEB6763	374443	Animals	Mammals	3.92757	45.8	GCA_900009935.2		CZUC02	1			2017/02/12	2017/02/12	Scaffold	STANFORD UNIVERSITY	SAMEA2660290	54.2
37692	Homo sapiens	9606	PRJEB6763	374443	Animals	Mammals	4.32102	44.4	GCA_900009005.2		CZUI02	1			2017/02/12	2017/02/12	Scaffold	STANFORD UNIVERSITY	SAMEA2660296	55.6
37575	Homo sapiens	9606	PRJEB6763	374443	Animals	Mammals	3.83351	45.9	GCA_900008195.2		CZRZ02	1			2017/02/12	2017/02/12	Scaffold	STANFORD UNIVERSITY	SAMEA2660235	54.1
37764	Homo sapiens	9606	PRJEB6763	374443	Animals	Mammals	2.0969	45.8	GCA_900019275.2		CZUR02	1			2017/02/12	2017/02/12	Scaffold	STANFORD UNIVERSITY	SAMEA2660305	54.2
37752	Homo sapiens	9606	PRJEB6763	374443	Animals	Mammals	2.14261	46.0	GCA_900008205.2		CZTQ02	1			2017/02/12	2017/02/12	Scaffold	STANFORD UNIVERSITY	SAMEA2660277	54.0
37624	Homo sapiens	9606	PRJEB6763	374443	Animals	Mammals	1.91301	45.7	GCA_900009065.2		CZUN02	1			2017/02/12	2017/02/12	Scaffold	STANFORD UNIVERSITY	SAMEA2660295	54.3
37767	Homo sapiens	9606	PRJEB6763	374443	Animals	Mammals	2.03277	45.5	GCA_900011495.2		CZST02	1			2017/02/12	2017/02/12	Scaffold	STANFORD UNIVERSITY	SAMEA2660231	54.5
37688	Homo sapiens	9606	PRJEB6763	374443	Animals	Mammals	2.19555	45.8	GCA_900009025.2		CZUU02	1			2017/02/12	2017/02/12	Scaffold	STANFORD UNIVERSITY	SAMEA2660303	54.2
37732	Homo sapiens	9606	PRJEB6763	374443	Animals	Mammals	1.86806	45.6	GCA_900009675.2		CZUJ02	1			2017/02/12	2017/02/12	Scaffold	STANFORD UNIVERSITY	SAMEA2660289	54.4
37675	Homo sapiens	9606	PRJEB6763	374443	Animals	Mammals	1.80854	45.6	GCA_900008675.2		CZSH02	1			2017/02/12	2017/02/12	Scaffold	STANFORD UNIVERSITY	SAMEA2660251	54.4
37760	Homo sapiens	9606	PRJEB6763	374443	Animals	Mammals	4.80524	44.5	GCA_900011575.2		CZVF02	1			2017/02/12	2017/02/12	Scaffold	STANFORD UNIVERSITY	SAMEA2660317	55.5
37795	Homo sapiens	9606	PRJEB6763	374443	Animals	Mammals	1.68047	46.3	GCA_900007525.2		CZUP02	1			2017/02/12	2017/02/12	Scaffold	STANFORD UNIVERSITY	SAMEA2660302	53.7
37792	Homo sapiens	9606	PRJEB6763	374443	Animals	Mammals	2.54653	46.0	GCA_900010225.2		CZUH02	1			2017/02/12	2017/02/12	Scaffold	STANFORD UNIVERSITY	SAMEA2660292	54.0
37799	Homo sapiens	9606	PRJEB6763	374443	Animals	Mammals	1.53247	45.1	GCA_900008945.2		CZUF02	1			2017/02/12	2017/02/12	Scaffold	STANFORD UNIVERSITY	SAMEA2660286	54.9
37736	Homo sapiens	9606	PRJEB6763	374443	Animals	Mammals	3.0065	43.7	GCA_900008975.2		CZTV02	1			2017/02/12	2017/02/12	Scaffold	STANFORD UNIVERSITY	SAMEA2660281	56.3
37748	Homo sapiens	9606	PRJEB6763	374443	Animals	Mammals	3.08103	46.0	GCA_900008915.2		CZTU02	1			2017/02/12	2017/02/12	Scaffold	STANFORD UNIVERSITY	SAMEA2660278	54.0
37791	Homo sapiens	9606	PRJEB6763	374443	Animals	Mammals	3.24859	45.5	GCA_900010315.2		CZUE02	1			2017/02/12	2017/02/12	Scaffold	STANFORD UNIVERSITY	SAMEA2660319	54.5
37683	Homo sapiens	9606	PRJEB6763	374443	Animals	Mammals	3.25778	45.7	GCA_900016265.2		CZSZ02	1			2017/02/12	2017/02/12	Scaffold	STANFORD UNIVERSITY	SAMEA2660226	54.3
37587	Homo sapiens	9606	PRJEB6763	374443	Animals	Mammals	3.34824	44.6	GCA_900016255.2		CZTG02	1			2017/02/12	2017/02/12	Scaffold	STANFORD UNIVERSITY	SAMEA2660270	55.4
37779	Homo sapiens	9606	PRJEB6763	374443	Animals	Mammals	3.50018	45.4	GCA_900007495.2		CZRW02	1			2017/02/12	2017/02/12	Scaffold	STANFORD UNIVERSITY	SAMEA2660229	54.6
37756	Homo sapiens	9606	PRJEB6763	374443	Animals	Mammals	3.8581	45.8	GCA_900009045.2		CZUZ02	1			2017/02/12	2017/02/12	Scaffold	STANFORD UNIVERSITY	SAMEA2660312	54.2
37787	Homo sapiens	9606	PRJEB6763	374443	Animals	Mammals	4.80601	44.5	GCA_900008235.2		CZRS02	1			2017/02/12	2017/02/12	Scaffold	STANFORD UNIVERSITY	SAMEA2660259	55.5
37671	Homo sapiens	9606	PRJEB6763	374443	Animals	Mammals	4.79943	44.6	GCA_900065935.1		CVUC01	1			2017/02/12	2017/02/12	Scaffold	STANFORD UNIVERSITY	SAMEA2660244	55.4
37716	Homo sapiens	9606	PRJEB6763	374443	Animals	Mammals	4.81306	44.6	GCA_900008225.2		CZTI02	1			2017/02/12	2017/02/12	Scaffold	STANFORD UNIVERSITY	SAMEA2660222	55.4
37804	Homo sapiens	9606	PRJNA213624	213624	Animals	Mammals	17.1294	42.5	GCA_000442295.1		AUXG01	170			2013/07/31	2013/07/31	Scaffold	Roche	SAMN02258483	57.5
37592	Homo sapiens	9606	PRJEB6763	374443	Animals	Mammals	1.49555	46.3	GCA_900008245.2		CZTM02	1			2017/02/12	2017/02/12	Scaffold	STANFORD UNIVERSITY	SAMEA2660273	53.7
37664	Homo sapiens	9606	PRJNA298944	298944	Animals	Mammals	5.90064	45.1	GCA_001879175.2		MNPK01	8			2016/11/15	2016/11/15	Contig	Macrogen	SAMN04169050	54.9
37759	Homo sapiens	9606	PRJEB6763	374443	Animals	Mammals	4.81214	44.6	GCA_900008115.2		CZRX02	1			2017/02/12	2017/02/12	Scaffold	STANFORD UNIVERSITY	SAMEA2660261	55.4
37776	Homo sapiens	9606	PRJEB6763	374443	Animals	Mammals	5.20542	44.4	GCA_900010205.2		CZTA02	1			2017/02/12	2017/02/12	Scaffold	STANFORD UNIVERSITY	SAMEA2660247	55.6
37672	Homo sapiens	9606	PRJEB6763	374443	Animals	Mammals	4.99004	44.6	GCA_900009965.2		CZSJ02	1			2017/02/12	2017/02/12	Scaffold	STANFORD UNIVERSITY	SAMEA2660257	55.4
37680	Homo sapiens	9606	PRJEB6763	374443	Animals	Mammals	4.98114	44.6	GCA_900008885.2		CZSV02	1			2017/02/12	2017/02/12	Scaffold	STANFORD UNIVERSITY	SAMEA2660245	55.4
37679	Homo sapiens	9606	PRJEB6763	374443	Animals	Mammals	4.98108	44.6	GCA_900008985.2		CZTW02	1			2017/02/12	2017/02/12	Scaffold	STANFORD UNIVERSITY	SAMEA2660282	55.4
37560	Homo sapiens	9606	PRJEB6763	374443	Animals	Mammals	4.95252	44.6	GCA_900009665.2		CZSY02	1			2017/02/12	2017/02/12	Scaffold	STANFORD UNIVERSITY	SAMEA2660225	55.4
37687	Homo sapiens	9606	PRJEB6763	374443	Animals	Mammals	4.94742	44.6	GCA_900009015.2		CZUK02	1			2017/02/12	2017/02/12	Scaffold	STANFORD UNIVERSITY	SAMEA2660300	55.4
37676	Homo sapiens	9606	PRJEB6763	374443	Animals	Mammals	4.94486	44.6	GCA_900009685.2		CZTY02	1			2017/02/12	2017/02/12	Scaffold	STANFORD UNIVERSITY	SAMEA2660284	55.4
37572	Homo sapiens	9606	PRJEB6763	374443	Animals	Mammals	4.9261	44.6	GCA_900009335.2		CZTK02	1			2017/02/12	2017/02/12	Scaffold	STANFORD UNIVERSITY	SAMEA2660242	55.4
37576	Homo sapiens	9606	PRJEB6763	374443	Animals	Mammals	4.91661	44.7	GCA_900011055.2		CZSU02	1			2017/02/12	2017/02/12	Scaffold	STANFORD UNIVERSITY	SAMEA2660252	55.3
37579	Homo sapiens	9606	PRJEB6763	374443	Animals	Mammals	4.90755	44.6	GCA_900010215.2		CZUB02	1			2017/02/12	2017/02/12	Scaffold	STANFORD UNIVERSITY	SAMEA2660293	55.4
37775	Homo sapiens	9606	PRJEB6763	374443	Animals	Mammals	4.89807	44.6	GCA_900016275.2		CZUW02	1			2017/02/12	2017/02/12	Scaffold	STANFORD UNIVERSITY	SAMEA2660309	55.4
37662	Homo sapiens	9606	PRJEB59245	973370	Animals	Mammals	18.6211	40.0	GCA_948474735.1	chromosome Y:OX419651.1		1			2023/05/17	2023/05/18	Chromosome	institut de biologia evolutiva (upf-csic)	SAMEA112223125	60.0
37771	Homo sapiens	9606	PRJEB6763	374443	Animals	Mammals	4.89779	44.5	GCA_900009945.2		CZUO02	1			2017/02/12	2017/02/12	Scaffold	STANFORD UNIVERSITY	SAMEA2660298	55.5
37659	Homo sapiens	9606	PRJEB59245	973370	Animals	Mammals	19.1279	40.2	GCA_948473225.1	chromosome Y:OX419549.1		1			2023/05/17	2023/05/18	Chromosome	institut de biologia evolutiva (upf-csic)	SAMEA112223126	59.8
37654	Homo sapiens	9606	PRJEB59245	973370	Animals	Mammals	20.047	40.2	GCA_948473255.1	chromosome Y:OX419547.1		1			2023/05/17	2023/05/18	Chromosome	institut de biologia evolutiva (upf-csic)	SAMEA112223122	59.8
37443	Homo sapiens	9606	PRJNA321780	321780	Animals	Mammals	293.418	41.1	GCA_003610035.2		PDBU01	124240			2018/09/27	2018/09/27	Scaffold	University of Colorado	SAMN07722385	58.9
37547	Homo sapiens	9606	PRJEB34445	587674	Animals	Mammals	227.761	41.7	GCA_902652775.1		CACRVI01	154			2019/11/12	2019/11/12	Contig	IBE(CSIC-UNIVERSITAT POMPEU FABRA)	SAMEA5977522	58.3
37814	Homo sapiens	9606	PRJNA586863	586863	Animals	Mammals	216.81	38.5205	GCA_020881995.2	chromosome X:CP086568.2; chromosome Y:CP086569.2		2			2021/11/16	2022/01/24	Chromosome	Pacific Biosciences	SAMN03283347	61.4795
37663	Homo sapiens	9606	PRJNA10793	10793	Animals	Mammals	158.33	40.0	GCA_000002135.3	chromosome 7:BL000001.2		6			2004/08/11	2011/07/11	Chromosome	The Centre for Applied Genomics		60.0
37815	Homo sapiens	9606	PRJNA686384	686384	Animals	Mammals	146.26	40.2	GCA_016894425.1	chromosome 8:CP061028.1		1			2021/02/16	2021/02/16	Chromosome	Telomere-to-Telomere Consortium	SAMN03255769	59.8
37432	Homo sapiens	9606	PRJNA193213	193213	Animals	Mammals	63.1241	39.0982	GCA_000442335.2	chromosome cenX:GK000058.1; chromosome cenY:GK000059.1; chromosome cen1:GK000036.2; chromosome cen2:GK000037.2; chromosome cen3:GK000038.2; chromosome cen4:GK000039.2; chromosome cen5:GK000040.2; chromosome cen6:GK000041.1; chromosome cen7:GK000042.1; chromosome het7:GK000035.2; chromosome cen8:GK000043.2; chromosome cen9:GK000044.2; chromosome cen10:GK000045.2; chromosome cen11:GK000046.2; chromosome cen12:GK000047.2; chromosome cen13:GK000048.2; chromosome cen14:GK000049.2; chromosome cen15:GK000050.2; chromosome cen16:GK000051.2; chromosome cen17:GK000052.2; chromosome cen18:GK000053.2; chromosome cen19:GK000054.2; chromosome cen20:GK000055.2; chromosome cen21:GK000056.2; chromosome cen22:GK000057.2	DAAF01	146			2013/08/05	2013/12/05	Chromosome	University of California, Santa Cruz		60.9018
37808	Homo sapiens	9606	PRJEB6763	374443	Animals	Mammals	0.915016	47.5	GCA_900009995.2		CZTN02	1			2017/02/12	2017/02/12	Scaffold	STANFORD UNIVERSITY	SAMEA2660265	52.5
37812	Homo sapiens	9606	PRJNA28335	28335	Animals	Mammals	41.6688	40.9	GCA_000181135.1		ABKV01	169336			2008/04/17	2014/08/04	Contig	Baylor College of Medicine	SAMN00001698	59.1
37563	Homo sapiens	9606	PRJNA611132	611132	Animals	Mammals	29.1264	38.9	GCA_015144065.1		JADCVR01	36			2020/10/30	2020/10/30	Scaffold	University of California, San Francisco	SAMN00004482	61.1
37796	Homo sapiens	9606	PRJEB6763	374443	Animals	Mammals	1.13727	48.5	GCA_900009355.2		CZTE02	1			2017/02/12	2017/02/12	Scaffold	STANFORD UNIVERSITY	SAMEA2660246	51.5
37807	Homo sapiens	9606	PRJEB6763	374443	Animals	Mammals	2.02266	46.8	GCA_900008215.2		CZSE02	1			2017/02/12	2017/02/12	Scaffold	STANFORD UNIVERSITY	SAMEA2660230	53.2
37650	Homo sapiens	9606	PRJEB59245	973370	Animals	Mammals	21.4833	40.2	GCA_948473235.1	chromosome Y:OX419548.1		1			2023/05/17	2023/05/18	Chromosome	institut de biologia evolutiva (upf-csic)	SAMEA4824001	59.8
37667	Homo sapiens	9606	PRJEB28143	495239	Animals	Mammals	21.4648	39.7	GCA_900518905.1		ULGL01	35			2018/10/12	2018/10/12	Contig	IBE(CSIC-UNIVERSITAT POMPEU FABRA)	SAMEA4824001	60.3
37658	Homo sapiens	9606	PRJEB59245	973370	Animals	Mammals	21.3348	40.1	GCA_948474725.1	chromosome Y:OX419650.1		1			2023/05/17	2023/05/18	Chromosome	institut de biologia evolutiva (upf-csic)	SAMEA112223127	59.9
37651	Homo sapiens	9606	PRJEB59245	973370	Animals	Mammals	20.8988	40.1	GCA_948474675.1	chromosome Y:OX419649.1		1			2023/05/17	2023/05/18	Chromosome	institut de biologia evolutiva (upf-csic)	SAMEA112223124	59.9
37655	Homo sapiens	9606	PRJEB59245	973370	Animals	Mammals	19.647	40.1	GCA_948473215.1	chromosome Y:OX419546.1		1			2023/05/17	2023/05/18	Chromosome	institut de biologia evolutiva (upf-csic)	SAMEA112223123	59.9
37568	Homo sapiens	9606	PRJEB6763	374443	Animals	Mammals	4.89316	44.7	GCA_900008125.2		CZSK02	1			2017/02/12	2017/02/12	Scaffold	STANFORD UNIVERSITY	SAMEA2660255	55.3
37811	Homo sapiens	9606	PRJNA267742	267742	Animals	Mammals	5.79252	43.3	GCA_000786075.2			2385			2014/12/18	2014/12/18	Scaffold	Harvard Medical School	SAMN03264375	56.7
37668	Homo sapiens	9606	PRJEB6763	374443	Animals	Mammals	4.87501	44.7	GCA_900008895.2		CZSD02	1			2017/02/12	2017/02/12	Scaffold	STANFORD UNIVERSITY	SAMEA2660228	55.3
37763	Homo sapiens	9606	PRJEB6763	374443	Animals	Mammals	4.85813	44.5	GCA_900008965.2		CZTT02	1			2017/02/12	2017/02/12	Scaffold	STANFORD UNIVERSITY	SAMEA2660283	55.5
37711	Homo sapiens	9606	PRJEB6763	374443	Animals	Mammals	4.89041	44.6	GCA_900008955.2		CZUD02	1			2017/02/12	2017/02/12	Scaffold	STANFORD UNIVERSITY	SAMEA2660287	55.4
37583	Homo sapiens	9606	PRJEB6763	374443	Animals	Mammals	4.85745	44.6	GCA_900010775.2		CZSA02	1			2017/02/12	2017/02/12	Scaffold	STANFORD UNIVERSITY	SAMEA2660221	55.4
37740	Homo sapiens	9606	PRJEB6763	374443	Animals	Mammals	4.85588	44.6	GCA_900016245.2		CZTH02	1			2017/02/12	2017/02/12	Scaffold	STANFORD UNIVERSITY	SAMEA2660258	55.4
37720	Homo sapiens	9606	PRJEB6763	374443	Animals	Mammals	4.85549	44.5	GCA_900008905.2		CZTO02	1			2017/02/12	2017/02/12	Scaffold	STANFORD UNIVERSITY	SAMEA2660276	55.5
37724	Homo sapiens	9606	PRJEB6763	374443	Animals	Mammals	4.85548	44.5	GCA_900010575.2		CZTL02	1			2017/02/12	2017/02/12	Scaffold	STANFORD UNIVERSITY	SAMEA2660274	55.5
37783	Homo sapiens	9606	PRJEB6763	374443	Animals	Mammals	4.85398	44.4	GCA_900008155.2		CZSX02	1			2017/02/12	2017/02/12	Scaffold	STANFORD UNIVERSITY	SAMEA2660238	55.6
37700	Homo sapiens	9606	PRJEB6763	374443	Animals	Mammals	4.85249	44.6	GCA_900009105.2		CZSL02	1			2017/02/12	2017/02/12	Scaffold	STANFORD UNIVERSITY	SAMEA2660241	55.4
37603	Homo sapiens	9606	PRJEB6763	374443	Animals	Mammals	4.84931	44.6	GCA_900009655.2		CZTJ02	1			2017/02/12	2017/02/12	Scaffold	STANFORD UNIVERSITY	SAMEA2660269	55.4
37580	Homo sapiens	9606	PRJEB6763	374443	Animals	Mammals	4.86021	44.6	GCA_900008135.2		CZSB02	1			2017/02/12	2017/02/12	Scaffold	STANFORD UNIVERSITY	SAMEA2660260	55.4
37743	Homo sapiens	9606	PRJEB6763	374443	Animals	Mammals	4.84639	44.6	GCA_900007505.2		CZTZ02	1			2017/02/12	2017/02/12	Scaffold	STANFORD UNIVERSITY	SAMEA2660291	55.4
37751	Homo sapiens	9606	PRJEB6763	374443	Animals	Mammals	4.83206	44.5	GCA_900007475.2		CZRY02	1			2017/02/12	2017/02/12	Scaffold	STANFORD UNIVERSITY	SAMEA2660248	55.5
37755	Homo sapiens	9606	PRJEB6763	374443	Animals	Mammals	4.8317	44.5	GCA_900008685.2		CZRR02	1			2017/02/12	2017/02/12	Scaffold	STANFORD UNIVERSITY	SAMEA2660227	55.5
37599	Homo sapiens	9606	PRJEB6763	374443	Animals	Mammals	4.83089	44.7	GCA_900009055.2		CZVE02	1			2017/02/12	2017/02/12	Scaffold	STANFORD UNIVERSITY	SAMEA2660316	55.3
37567	Homo sapiens	9606	PRJEB6763	374443	Animals	Mammals	4.83083	44.6	GCA_900010305.2		CZSO02	1			2017/02/12	2017/02/12	Scaffold	STANFORD UNIVERSITY	SAMEA2660249	55.4
37699	Homo sapiens	9606	PRJEB6763	374443	Animals	Mammals	4.8305	44.6	GCA_900012675.2		CZUT02	1			2017/02/12	2017/02/12	Scaffold	STANFORD UNIVERSITY	SAMEA2660307	55.4
37627	Homo sapiens	9606	PRJEB6763	374443	Animals	Mammals	4.82361	44.6	GCA_900008275.2		CZTD02	1			2017/02/12	2017/02/12	Scaffold	STANFORD UNIVERSITY	SAMEA2660253	55.4
37631	Homo sapiens	9606	PRJEB6763	374443	Animals	Mammals	4.82095	44.5	GCA_900008695.2		CZRQ02	1			2017/02/12	2017/02/12	Scaffold	STANFORD UNIVERSITY	SAMEA2660236	55.5
37591	Homo sapiens	9606	PRJEB6763	374443	Animals	Mammals	4.81668	44.6	GCA_900009035.2		CZUV02	1			2017/02/12	2017/02/12	Scaffold	STANFORD UNIVERSITY	SAMEA2660308	55.4
37643	Homo sapiens	9606	PRJEB6763	374443	Animals	Mammals	4.81352	44.4	GCA_900009345.2		CZSS02	1			2017/02/12	2017/02/12	Scaffold	STANFORD UNIVERSITY	SAMEA2660224	55.6
37788	Homo sapiens	9606	PRJEB6763	374443	Animals	Mammals	4.83666	44.4	GCA_900008255.2		CZSW02	1			2017/02/12	2017/02/12	Scaffold	STANFORD UNIVERSITY	SAMEA2660264	55.6
37715	Homo sapiens	9606	PRJEB6763	374443	Animals	Mammals	4.86258	44.5	GCA_900011785.2		CZSN02	1			2017/02/12	2017/02/12	Scaffold	STANFORD UNIVERSITY	SAMEA2660239	55.5
37707	Homo sapiens	9606	PRJEB6763	374443	Animals	Mammals	1.97097	45.7	GCA_900009225.2		CZUY02	1			2017/02/12	2017/02/12	Scaffold	STANFORD UNIVERSITY	SAMEA2660311	54.3
37727	Homo sapiens	9606	PRJEB6763	374443	Animals	Mammals	4.86805	44.6	GCA_900009925.2		CZSQ02	1			2017/02/12	2017/02/12	Scaffold	STANFORD UNIVERSITY	SAMEA2660262	55.4
37747	Homo sapiens	9606	PRJEB6763	374443	Animals	Mammals	4.86846	44.6	GCA_900008705.2		CZVC02	1			2017/02/12	2017/02/12	Scaffold	STANFORD UNIVERSITY	SAMEA2660314	55.4
37623	Homo sapiens	9606	PRJEB6763	374443	Animals	Mammals	4.86345	44.5	GCA_900009795.2		CZVD02	1			2017/02/12	2017/02/12	Scaffold	STANFORD UNIVERSITY	SAMEA2660315	55.5
37744	Homo sapiens	9606	PRJEB6763	374443	Animals	Mammals	4.87049	44.5	GCA_900007515.2		CZUG02	1			2017/02/12	2017/02/12	Scaffold	STANFORD UNIVERSITY	SAMEA2660294	55.5
37735	Homo sapiens	9606	PRJEB6763	374443	Animals	Mammals	4.87233	44.6	GCA_900008175.2		CZTB02	1			2017/02/12	2017/02/12	Scaffold	STANFORD UNIVERSITY	SAMEA2660233	55.4
37684	Homo sapiens	9606	PRJEB6763	374443	Animals	Mammals	4.86491	44.7	GCA_900011565.2		CZRT02	1			2017/02/12	2017/02/12	Scaffold	STANFORD UNIVERSITY	SAMEA2660234	55.3
37584	Homo sapiens	9606	PRJEB6763	374443	Animals	Mammals	4.86841	44.6	GCA_900010005.2		CZTS02	1			2017/02/12	2017/02/12	Scaffold	STANFORD UNIVERSITY	SAMEA2660279	55.4
37723	Homo sapiens	9606	PRJEB6763	374443	Animals	Mammals	4.86444	44.7	GCA_900011235.2		CZVB02	1			2017/02/12	2017/02/12	Scaffold	STANFORD UNIVERSITY	SAMEA2660318	55.3
37703	Homo sapiens	9606	PRJEB6763	374443	Animals	Mammals	4.86815	44.6	GCA_900010295.2		CZTF02	1			2017/02/12	2017/02/12	Scaffold	STANFORD UNIVERSITY	SAMEA2660223	55.4
37696	Homo sapiens	9606	PRJEB6763	374443	Animals	Mammals	4.87447	44.7	GCA_900007535.2		CZUS02	1			2017/02/12	2017/02/12	Scaffold	STANFORD UNIVERSITY	SAMEA2660306	55.3
37712	Homo sapiens	9606	PRJEB6763	374443	Animals	Mammals	4.86292	44.6	GCA_900008185.2		CZTP02	1			2017/02/12	2017/02/12	Scaffold	STANFORD UNIVERSITY	SAMEA2660275	55.4
19184	Hoolock leuconedys	593543	PRJNA790674	790674	Animals	Mammals	12.7071	42.6	GCA_030247345.1		DAJYAE01	190			2023/06/08	2023/06/08	Scaffold	BGI-Shenzhen	SAMN24220315	57.4
9068	Hypsiprymnodon moschatus	65631	PRJEB39788	690434	Animals	Mammals	2.38585	44.9	GCA_904813425.1		CAJGQX01	2066			2021/01/25	2021/02/21	Contig	AUSTRALIAN NATIONAL UNIVERSITY	SAMEA7321270	55.1
21751	Isoodon auratus auratus	1031270	PRJEB39788	690434	Animals	Mammals	1.70317	45.6	GCA_904811225.1		CAJGKK01	2027			2021/01/25	2021/01/25	Contig	AUSTRALIAN NATIONAL UNIVERSITY	SAMEA7321065	54.4
16837	Isoodon auratus auratus	1031270	PRJEB39788	690434	Animals	Mammals	1.49997	44.7	GCA_904811175.1		CAJGJZ01	1766			2021/01/25	2021/01/25	Contig	AUSTRALIAN NATIONAL UNIVERSITY	SAMEA7321055	55.3
7584	Isoodon auratus barrowensis	120736	PRJEB39788	690434	Animals	Mammals	1.81255	44.6	GCA_904811015.1		CAJGJO01	1943			2021/01/25	2021/01/25	Contig	AUSTRALIAN NATIONAL UNIVERSITY	SAMEA7321056	55.4
9038	Isoodon fusciventer	120743	PRJEB39788	690434	Animals	Mammals	1.7013	44.4	GCA_904812295.1		CAJGOD01	1955			2021/01/25	2021/02/21	Contig	AUSTRALIAN NATIONAL UNIVERSITY	SAMEA7321151	55.6
21859	Isoodon fusciventer	120743	PRJEB39788	690434	Animals	Mammals	1.53351	45.6	GCA_904811005.1		CAJGJL01	1842			2021/01/25	2021/02/21	Contig	AUSTRALIAN NATIONAL UNIVERSITY	SAMEA7321057	54.4
16461	Isoodon fusciventer	120743	PRJEB39788	690434	Animals	Mammals	1.68182	45.3	GCA_904812875.1		CAJGPB01	2003			2021/01/25	2021/02/21	Contig	AUSTRALIAN NATIONAL UNIVERSITY	SAMEA7321216	54.7
20411	Isoodon macrourus	37698	PRJEB39788	690434	Animals	Mammals	1.64162	44.7	GCA_904812165.1		CAJGNV01	1980			2021/01/25	2021/02/21	Contig	AUSTRALIAN NATIONAL UNIVERSITY	SAMEA7321144	55.3
19668	Isoodon macrourus	37698	PRJEB39788	690434	Animals	Mammals	1.70109	44.6	GCA_904812175.1		CAJGNW01	1979			2021/01/25	2021/02/21	Contig	AUSTRALIAN NATIONAL UNIVERSITY	SAMEA7321145	55.4
578	Isoodon macrourus macrourus	120737	PRJEB39788	690434	Animals	Mammals	2.11572	43.7	GCA_904811065.1		CAJGJS01	1972			2021/01/25	2021/01/25	Contig	AUSTRALIAN NATIONAL UNIVERSITY	SAMEA7321054	56.3
23947	Isoodon obesulus	65612	PRJEB39788	690434	Animals	Mammals	1.77658	44.1	GCA_904812155.1		CAJGNU01	1971			2021/01/25	2021/02/21	Contig	AUSTRALIAN NATIONAL UNIVERSITY	SAMEA7321140	55.9
28416	Isoodon obesulus	65612	PRJEB39788	690434	Animals	Mammals	1.62403	44.6	GCA_904811945.1		CAJGNC01	2006			2021/01/25	2021/02/21	Contig	AUSTRALIAN NATIONAL UNIVERSITY	SAMEA7321136	55.4
24091	Isoodon obesulus	65612	PRJEB39788	690434	Animals	Mammals	1.79985	44.2	GCA_904811965.1		CAJGNB01	1943			2021/01/25	2021/02/21	Contig	AUSTRALIAN NATIONAL UNIVERSITY	SAMEA7321138	55.8
25974	Isoodon obesulus	65612	PRJEB39788	690434	Animals	Mammals	1.73598	44.5	GCA_904812145.1		CAJGNT01	1978			2021/01/25	2021/02/21	Contig	AUSTRALIAN NATIONAL UNIVERSITY	SAMEA7321141	55.5
26511	Isoodon obesulus	65612	PRJEB39788	690434	Animals	Mammals	1.73191	44.4	GCA_904811985.1		CAJGNF01	1981			2021/01/25	2021/02/21	Contig	AUSTRALIAN NATIONAL UNIVERSITY	SAMEA7321139	55.6
7588	Isoodon obesulus	65612	PRJEB39788	690434	Animals	Mammals	1.99292	44.2	GCA_904813515.1		CAJGRI01	1974			2021/01/25	2021/02/21	Contig	AUSTRALIAN NATIONAL UNIVERSITY	SAMEA7321281	55.8
28399	Isoodon obesulus	65612	PRJEB39788	690434	Animals	Mammals	1.71374	44.7	GCA_904811955.1		CAJGMZ01	1985			2021/01/25	2021/02/21	Contig	AUSTRALIAN NATIONAL UNIVERSITY	SAMEA7321135	55.3
29388	Isoodon obesulus affinis	120742	PRJEB39788	690434	Animals	Mammals	0.615147	50.6	GCA_904810965.1		CAJGJF01	1469			2021/01/25	2021/01/25	Contig	AUSTRALIAN NATIONAL UNIVERSITY	SAMEA7321025	49.4
29177	Isoodon obesulus affinis	120742	PRJEB39788	690434	Animals	Mammals	1.1211	49.4	GCA_904812195.1		CAJGNY01	1621			2021/01/25	2021/01/25	Contig	AUSTRALIAN NATIONAL UNIVERSITY	SAMEA7321147	50.6
28941	Isoodon obesulus affinis	120742	PRJEB39788	690434	Animals	Mammals	1.5159	44.9	GCA_904812185.1		CAJGNX01	1856			2021/01/25	2021/01/25	Contig	AUSTRALIAN NATIONAL UNIVERSITY	SAMEA7321146	55.1
22194	Isoodon obesulus affinis	120742	PRJEB39788	690434	Animals	Mammals	1.76612	45.1	GCA_904812255.1		CAJGOA01	1943			2021/01/25	2021/01/25	Contig	AUSTRALIAN NATIONAL UNIVERSITY	SAMEA7321148	54.9
25113	Isoodon obesulus affinis	120742	PRJEB39788	690434	Animals	Mammals	1.73969	45.2	GCA_904812215.1		CAJGOC01	1954			2021/01/25	2021/01/25	Contig	AUSTRALIAN NATIONAL UNIVERSITY	SAMEA7321150	54.8
27421	Isoodon obesulus affinis	120742	PRJEB39788	690434	Animals	Mammals	1.68251	44.5	GCA_904811825.1		CAJGMP01	2002			2021/01/25	2021/01/25	Contig	AUSTRALIAN NATIONAL UNIVERSITY	SAMEA7321127	55.5
29384	Isoodon obesulus affinis	120742	PRJEB39788	690434	Animals	Mammals	1.33438	44.9	GCA_904811925.1		CAJGMX01	1978			2021/01/25	2021/01/25	Contig	AUSTRALIAN NATIONAL UNIVERSITY	SAMEA7321126	55.1
27757	Isoodon obesulus affinis	120742	PRJEB39788	690434	Animals	Mammals	1.70513	45.3	GCA_904812845.1		CAJGPA01	2028			2021/01/25	2021/01/25	Contig	AUSTRALIAN NATIONAL UNIVERSITY	SAMEA7321215	54.7
25198	Isoodon obesulus affinis	120742	PRJEB39788	690434	Animals	Mammals	1.72658	44.5	GCA_904811795.1		CAJGMY01	1992			2021/01/25	2021/01/25	Contig	AUSTRALIAN NATIONAL UNIVERSITY	SAMEA7321123	55.5
25916	Isoodon obesulus affinis	120742	PRJEB39788	690434	Animals	Mammals	1.77091	45.1	GCA_904811785.1		CAJGMV01	1980			2021/01/25	2021/01/25	Contig	AUSTRALIAN NATIONAL UNIVERSITY	SAMEA7321128	54.9
28098	Isoodon obesulus affinis	120742	PRJEB39788	690434	Animals	Mammals	1.67328	44.7	GCA_904812205.1		CAJGOK01	1993			2021/01/25	2021/01/25	Contig	AUSTRALIAN NATIONAL UNIVERSITY	SAMEA7321149	55.3
26984	Isoodon obesulus nauticus	120741	PRJEB39788	690434	Animals	Mammals	1.73293	44.6	GCA_904811885.1		CAJGMO01	1973			2021/01/25	2021/01/25	Contig	AUSTRALIAN NATIONAL UNIVERSITY	SAMEA7321124	55.4
27781	Isoodon obesulus nauticus	120741	PRJEB39788	690434	Animals	Mammals	1.65795	44.7	GCA_904811845.1		CAJGMS01	1997			2021/01/25	2021/01/25	Contig	AUSTRALIAN NATIONAL UNIVERSITY	SAMEA7321125	55.3
28119	Isoodon obesulus obesulus	120740	PRJEB39788	690434	Animals	Mammals	1.62507	44.5	GCA_904811805.1		CAJGML01	1992			2021/01/25	2021/01/25	Contig	AUSTRALIAN NATIONAL UNIVERSITY	SAMEA7321134	55.5
16839	Isoodon obesulus obesulus	120740	PRJEB39788	690434	Animals	Mammals	1.97478	44.7	GCA_904813085.1		CAJGPP01	1993			2021/01/25	2021/01/25	Contig	AUSTRALIAN NATIONAL UNIVERSITY	SAMEA7321238	55.3
28950	Isoodon obesulus obesulus	120740	PRJEB39788	690434	Animals	Mammals	1.50549	45.2	GCA_904811875.1		CAJGMT01	1989			2021/01/25	2021/01/25	Contig	AUSTRALIAN NATIONAL UNIVERSITY	SAMEA7321129	54.8
27394	Isoodon obesulus obesulus	120740	PRJEB39788	690434	Animals	Mammals	1.73524	44.7	GCA_904811935.1		CAJGNA01	1980			2021/01/25	2021/01/25	Contig	AUSTRALIAN NATIONAL UNIVERSITY	SAMEA7321137	55.3
21752	Isoodon obesulus obesulus	120740	PRJEB39788	690434	Animals	Mammals	1.80327	44.1	GCA_904812125.1		CAJGNS01	1941			2021/01/25	2021/01/25	Contig	AUSTRALIAN NATIONAL UNIVERSITY	SAMEA7321142	55.9
27018	Isoodon obesulus obesulus	120740	PRJEB39788	690434	Animals	Mammals	1.72953	44.7	GCA_904812135.1		CAJGNR01	1974			2021/01/25	2021/01/25	Contig	AUSTRALIAN NATIONAL UNIVERSITY	SAMEA7321143	55.3
29169	Isoodon obesulus obesulus	120740	PRJEB39788	690434	Animals	Mammals	1.50371	45.3	GCA_904811865.1		CAJGMR01	1996			2021/01/25	2021/01/25	Contig	AUSTRALIAN NATIONAL UNIVERSITY	SAMEA7321130	54.7
28681	Isoodon obesulus peninsulae	120739	PRJEB39788	690434	Animals	Mammals	1.63056	44.7	GCA_904811905.1		CAJGMK01	2003			2021/01/25	2021/01/25	Contig	AUSTRALIAN NATIONAL UNIVERSITY	SAMEA7321131	55.3
26550	Isoodon obesulus peninsulae	120739	PRJEB39788	690434	Animals	Mammals	1.7118	44.3	GCA_904811835.1		CAJGMM01	1998			2021/01/25	2021/01/25	Contig	AUSTRALIAN NATIONAL UNIVERSITY	SAMEA7321132	55.7
28695	Isoodon obesulus peninsulae	120739	PRJEB39788	690434	Animals	Mammals	1.49436	44.8	GCA_904811915.1		CAJGMW01	1971			2021/01/25	2021/01/25	Contig	AUSTRALIAN NATIONAL UNIVERSITY	SAMEA7321133	55.2
21854	Lagorchestes conspicillatus	65624	PRJEB39788	690434	Animals	Mammals	1.49361	45.4	GCA_904810835.1		CAJGIR01	2071			2021/01/25	2021/02/21	Contig	AUSTRALIAN NATIONAL UNIVERSITY	SAMEA7321012	54.6
9012	Lagorchestes conspicillatus	65624	PRJEB39788	690434	Animals	Mammals	2.4504	45.3	GCA_904812945.1		CAJGPH01	2050			2021/01/25	2021/02/21	Contig	AUSTRALIAN NATIONAL UNIVERSITY	SAMEA7321227	54.7
16471	Lagorchestes conspicillatus	65624	PRJEB39788	690434	Animals	Mammals	2.38237	45.6	GCA_904812955.1		CAJGPG01	2054			2021/01/25	2021/02/21	Contig	AUSTRALIAN NATIONAL UNIVERSITY	SAMEA7321229	54.4
22148	Lagorchestes conspicillatus	65624	PRJEB39788	690434	Animals	Mammals	1.9902	46.4	GCA_904812965.1		CAJGPD01	2061			2021/01/25	2021/02/21	Contig	AUSTRALIAN NATIONAL UNIVERSITY	SAMEA7321228	53.6
30935	Lagorchestes hirsutus	65632	PRJEB39788	690434	Animals	Mammals	1.97366	45.2	GCA_904811315.1		CAJGKR01	2024			2021/01/25	2021/02/21	Contig	AUSTRALIAN NATIONAL UNIVERSITY	SAMEA7321068	54.8
30073	Lagorchestes hirsutus	65632	PRJEB39788	690434	Animals	Mammals	1.99872	45.2	GCA_904811215.1		CAJGKJ01	2031			2021/01/25	2021/02/21	Contig	AUSTRALIAN NATIONAL UNIVERSITY	SAMEA7321061	54.8
30700	Lagorchestes hirsutus	65632	PRJEB39788	690434	Animals	Mammals	1.97536	45.3	GCA_904811235.1		CAJGKI01	2024			2021/01/25	2021/02/21	Contig	AUSTRALIAN NATIONAL UNIVERSITY	SAMEA7321060	54.7
29723	Lagorchestes hirsutus	65632	PRJEB39788	690434	Animals	Mammals	2.01338	45.2	GCA_904811735.1		CAJGMF01	2019			2021/01/25	2021/02/21	Contig	AUSTRALIAN NATIONAL UNIVERSITY	SAMEA7321116	54.8
29623	Lagorchestes hirsutus	65632	PRJEB39788	690434	Animals	Mammals	1.98579	45.0	GCA_904811505.1		CAJGKW01	1993			2021/01/25	2021/02/21	Contig	AUSTRALIAN NATIONAL UNIVERSITY	SAMEA7321082	55.0
27119	Lagorchestes hirsutus	65632	PRJEB39788	690434	Animals	Mammals	2.00264	44.8	GCA_904811775.1		CAJGMJ01	1972			2021/01/25	2021/02/21	Contig	AUSTRALIAN NATIONAL UNIVERSITY	SAMEA7321119	55.2
30231	Lagorchestes hirsutus	65632	PRJEB39788	690434	Animals	Mammals	1.98937	45.4	GCA_904811705.1		CAJGLX01	2030			2021/01/25	2021/02/21	Contig	AUSTRALIAN NATIONAL UNIVERSITY	SAMEA7321110	54.6
30382	Lagorchestes hirsutus	65632	PRJEB39788	690434	Animals	Mammals	1.9947	45.2	GCA_904811255.1		CAJGKH01	2032			2021/01/25	2021/02/21	Contig	AUSTRALIAN NATIONAL UNIVERSITY	SAMEA7321076	54.8
30145	Lagorchestes hirsutus	65632	PRJEB39788	690434	Animals	Mammals	2.00301	45.2	GCA_904811515.1		CAJGLG01	2038			2021/01/25	2021/02/21	Contig	AUSTRALIAN NATIONAL UNIVERSITY	SAMEA7321093	54.8
31437	Lagorchestes hirsutus	65632	PRJEB39788	690434	Animals	Mammals	1.99314	46.1	GCA_904812905.1		CAJGPC01	2058			2021/01/25	2021/02/21	Contig	AUSTRALIAN NATIONAL UNIVERSITY	SAMEA7321220	53.9
30651	Lagorchestes hirsutus	65632	PRJEB39788	690434	Animals	Mammals	1.97107	45.4	GCA_904811195.1		CAJGKQ01	2035			2021/01/25	2021/02/21	Contig	AUSTRALIAN NATIONAL UNIVERSITY	SAMEA7321071	54.6
29902	Lagorchestes hirsutus	65632	PRJEB39788	690434	Animals	Mammals	2.00882	45.1	GCA_904811335.1		CAJGKG01	2031			2021/01/25	2021/02/21	Contig	AUSTRALIAN NATIONAL UNIVERSITY	SAMEA7321062	54.9
30519	Lagorchestes hirsutus	65632	PRJEB39788	690434	Animals	Mammals	1.98611	45.2	GCA_904811525.1		CAJGLE01	2041			2021/01/25	2021/02/21	Contig	AUSTRALIAN NATIONAL UNIVERSITY	SAMEA7321085	54.8
29808	Lagorchestes hirsutus	65632	PRJEB39788	690434	Animals	Mammals	2.00533	45.2	GCA_904811635.1		CAJGLY01	2035			2021/01/25	2021/02/21	Contig	AUSTRALIAN NATIONAL UNIVERSITY	SAMEA7321111	54.8
27297	Lagorchestes hirsutus	65632	PRJEB39788	690434	Animals	Mammals	2.06244	45.1	GCA_904811645.1		CAJGLZ01	2033			2021/01/25	2021/02/21	Contig	AUSTRALIAN NATIONAL UNIVERSITY	SAMEA7321105	54.9
31252	Lagorchestes hirsutus	65632	PRJEB39788	690434	Animals	Mammals	1.96544	45.6	GCA_904811755.1		CAJGMG01	2031			2021/01/25	2021/02/21	Contig	AUSTRALIAN NATIONAL UNIVERSITY	SAMEA7321115	54.4
31692	Lagorchestes hirsutus	65632	PRJEB39788	690434	Animals	Mammals	1.18013	48.8	GCA_904812995.1		CAJGPF01	1836			2021/01/25	2021/02/21	Contig	AUSTRALIAN NATIONAL UNIVERSITY	SAMEA7321226	51.2
31662	Lagorchestes hirsutus	65632	PRJEB39788	690434	Animals	Mammals	1.41536	48.6	GCA_904812985.1		CAJGPI01	1929			2021/01/25	2021/02/21	Contig	AUSTRALIAN NATIONAL UNIVERSITY	SAMEA7321225	51.4
30570	Lagorchestes hirsutus	65632	PRJEB39788	690434	Animals	Mammals	1.42741	45.6	GCA_904810805.1		CAJGIU01	2069			2021/01/25	2021/02/21	Contig	AUSTRALIAN NATIONAL UNIVERSITY	SAMEA7321013	54.4
29980	Lagorchestes hirsutus	65632	PRJEB39788	690434	Animals	Mammals	2.02519	45.3	GCA_904811685.1		CAJGME01	2037			2021/01/25	2021/02/21	Contig	AUSTRALIAN NATIONAL UNIVERSITY	SAMEA7321113	54.7
31609	Lagorchestes hirsutus	65632	PRJEB39788	690434	Animals	Mammals	1.87082	45.9	GCA_904811275.1		CAJGKO01	2030			2021/01/25	2021/02/21	Contig	AUSTRALIAN NATIONAL UNIVERSITY	SAMEA7321073	54.1
31524	Lagorchestes hirsutus	65632	PRJEB39788	690434	Animals	Mammals	1.89101	45.4	GCA_904811285.1		CAJGKF01	2003			2021/01/25	2021/02/21	Contig	AUSTRALIAN NATIONAL UNIVERSITY	SAMEA7321074	54.6
31403	Lagorchestes hirsutus	65632	PRJEB39788	690434	Animals	Mammals	1.91098	45.1	GCA_904811555.1		CAJGLM01	1999			2021/01/25	2021/02/21	Contig	AUSTRALIAN NATIONAL UNIVERSITY	SAMEA7321098	54.9
31214	Lagorchestes hirsutus	65632	PRJEB39788	690434	Animals	Mammals	1.91305	45.3	GCA_904811355.1		CAJGKU01	2039			2021/01/25	2021/02/21	Contig	AUSTRALIAN NATIONAL UNIVERSITY	SAMEA7321077	54.7
31577	Lagorchestes hirsutus	65632	PRJEB39788	690434	Animals	Mammals	1.92757	45.6	GCA_904811265.1		CAJGKL01	2022			2021/01/25	2021/02/21	Contig	AUSTRALIAN NATIONAL UNIVERSITY	SAMEA7321075	54.4
30772	Lagorchestes hirsutus	65632	PRJEB39788	690434	Animals	Mammals	1.96564	45.3	GCA_904811425.1		CAJGLI01	2038			2021/01/25	2021/02/21	Contig	AUSTRALIAN NATIONAL UNIVERSITY	SAMEA7321094	54.7
31491	Lagorchestes hirsutus	65632	PRJEB39788	690434	Animals	Mammals	1.93216	45.5	GCA_904811455.1		CAJGLC01	2027			2021/01/25	2021/02/21	Contig	AUSTRALIAN NATIONAL UNIVERSITY	SAMEA7321089	54.5
31046	Lagorchestes hirsutus	65632	PRJEB39788	690434	Animals	Mammals	1.94707	45.2	GCA_904811535.1		CAJGLL01	2035			2021/01/25	2021/02/21	Contig	AUSTRALIAN NATIONAL UNIVERSITY	SAMEA7321095	54.8
31311	Lagorchestes hirsutus	65632	PRJEB39788	690434	Animals	Mammals	1.94884	45.4	GCA_904811295.1		CAJGKN01	2027			2021/01/25	2021/02/21	Contig	AUSTRALIAN NATIONAL UNIVERSITY	SAMEA7321066	54.6
31151	Lagorchestes hirsutus	65632	PRJEB39788	690434	Animals	Mammals	1.95606	45.5	GCA_904811675.1		CAJGMB01	2026			2021/01/25	2021/02/21	Contig	AUSTRALIAN NATIONAL UNIVERSITY	SAMEA7321112	54.5
31000	Lagorchestes hirsutus	65632	PRJEB39788	690434	Animals	Mammals	1.95608	45.4	GCA_904811415.1		CAJGLK01	2010			2021/01/25	2021/02/21	Contig	AUSTRALIAN NATIONAL UNIVERSITY	SAMEA7321090	54.6
30438	Lagorchestes hirsutus	65632	PRJEB39788	690434	Animals	Mammals	1.95687	45.2	GCA_904811475.1		CAJGKX01	2034			2021/01/25	2021/02/21	Contig	AUSTRALIAN NATIONAL UNIVERSITY	SAMEA7321087	54.8
31347	Lagorchestes hirsutus	65632	PRJEB39788	690434	Animals	Mammals	1.95744	45.5	GCA_904811375.1		CAJGKV01	2033			2021/01/25	2021/02/21	Contig	AUSTRALIAN NATIONAL UNIVERSITY	SAMEA7321079	54.5
30889	Lagorchestes hirsutus	65632	PRJEB39788	690434	Animals	Mammals	1.95959	45.5	GCA_904811565.1		CAJGLO01	2027			2021/01/25	2021/02/21	Contig	AUSTRALIAN NATIONAL UNIVERSITY	SAMEA7321097	54.5
31110	Lagorchestes hirsutus	65632	PRJEB39788	690434	Animals	Mammals	1.96138	45.3	GCA_904811325.1		CAJGKC01	2027			2021/01/25	2021/02/21	Contig	AUSTRALIAN NATIONAL UNIVERSITY	SAMEA7321072	54.7
30822	Lagorchestes hirsutus	65632	PRJEB39788	690434	Animals	Mammals	1.96374	45.3	GCA_904811495.1		CAJGLF01	2015			2021/01/25	2021/02/21	Contig	AUSTRALIAN NATIONAL UNIVERSITY	SAMEA7321083	54.7
30297	Lagorchestes hirsutus	65632	PRJEB39788	690434	Animals	Mammals	1.93697	45.2	GCA_904811445.1		CAJGLD01	2014			2021/01/25	2021/02/21	Contig	AUSTRALIAN NATIONAL UNIVERSITY	SAMEA7321081	54.8
29005	Lagorchestes hirsutus	65632	PRJEB39788	690434	Animals	Mammals	2.02591	45.2	GCA_904811395.1		CAJGLB01	2034			2021/01/25	2021/02/21	Contig	AUSTRALIAN NATIONAL UNIVERSITY	SAMEA7321088	54.8
19600	Lagorchestes hirsutus	65632	PRJEB39788	690434	Animals	Mammals	0.009806	40.3	GCA_904812105.1		CAJGND01	3			2021/01/25	2021/02/21	Contig	AUSTRALIAN NATIONAL UNIVERSITY	SAMEA7321030	59.7
29338	Lagorchestes hirsutus	65632	PRJEB39788	690434	Animals	Mammals	2.02837	45.1	GCA_904811185.1		CAJGKS01	2034			2021/01/25	2021/02/21	Contig	AUSTRALIAN NATIONAL UNIVERSITY	SAMEA7321069	54.9
26679	Lagorchestes hirsutus	65632	PRJEB39788	690434	Animals	Mammals	2.10503	45.0	GCA_904811765.1		CAJGMI01	2015			2021/01/25	2021/02/21	Contig	AUSTRALIAN NATIONAL UNIVERSITY	SAMEA7321117	55.0
26359	Lagorchestes hirsutus	65632	PRJEB39788	690434	Animals	Mammals	2.0901	45.0	GCA_904811485.1		CAJGLH01	2037			2021/01/25	2021/02/21	Contig	AUSTRALIAN NATIONAL UNIVERSITY	SAMEA7321084	55.0
26139	Lagorchestes hirsutus	65632	PRJEB39788	690434	Animals	Mammals	2.08921	45.0	GCA_904811665.1		CAJGLW01	2030			2021/01/25	2021/02/21	Contig	AUSTRALIAN NATIONAL UNIVERSITY	SAMEA7321103	55.0
26872	Lagorchestes hirsutus	65632	PRJEB39788	690434	Animals	Mammals	2.08481	44.9	GCA_904811205.1		CAJGKP01	2034			2021/01/25	2021/02/21	Contig	AUSTRALIAN NATIONAL UNIVERSITY	SAMEA7321063	55.1
25724	Lagorchestes hirsutus	65632	PRJEB39788	690434	Animals	Mammals	2.08182	44.9	GCA_904811715.1		CAJGMA01	2037			2021/01/25	2021/02/21	Contig	AUSTRALIAN NATIONAL UNIVERSITY	SAMEA7321101	55.1
28330	Lagorchestes hirsutus	65632	PRJEB39788	690434	Animals	Mammals	2.07151	45.2	GCA_904811345.1		CAJGKE01	2032			2021/01/25	2021/02/21	Contig	AUSTRALIAN NATIONAL UNIVERSITY	SAMEA7321064	54.8
29226	Lagorchestes hirsutus	65632	PRJEB39788	690434	Animals	Mammals	2.02743	45.1	GCA_904811365.1		CAJGKT01	2029			2021/01/25	2021/02/21	Contig	AUSTRALIAN NATIONAL UNIVERSITY	SAMEA7321078	54.9
27669	Lagorchestes hirsutus	65632	PRJEB39788	690434	Animals	Mammals	2.06892	45.1	GCA_904811625.1		CAJGLT01	2032			2021/01/25	2021/02/21	Contig	AUSTRALIAN NATIONAL UNIVERSITY	SAMEA7321106	54.9
23455	Lagorchestes hirsutus	65632	PRJEB39788	690434	Animals	Mammals	2.12562	45.0	GCA_904811585.1		CAJGMD01	2037			2021/01/25	2021/02/21	Contig	AUSTRALIAN NATIONAL UNIVERSITY	SAMEA7321100	55.0
24442	Lagorchestes hirsutus	65632	PRJEB39788	690434	Animals	Mammals	2.10568	44.9	GCA_904811405.1		CAJGKZ01	2035			2021/01/25	2021/02/21	Contig	AUSTRALIAN NATIONAL UNIVERSITY	SAMEA7321092	55.1
24815	Lagorchestes hirsutus	65632	PRJEB39788	690434	Animals	Mammals	2.13665	44.8	GCA_904811615.1		CAJGLV01	2006			2021/01/25	2021/02/21	Contig	AUSTRALIAN NATIONAL UNIVERSITY	SAMEA7321108	55.2
27514	Lagorchestes hirsutus	65632	PRJEB39788	690434	Animals	Mammals	2.05963	45.2	GCA_904811745.1		CAJGMH01	2028			2021/01/25	2021/02/21	Contig	AUSTRALIAN NATIONAL UNIVERSITY	SAMEA7321118	54.8
25437	Lagorchestes hirsutus	65632	PRJEB39788	690434	Animals	Mammals	2.06248	44.8	GCA_904811605.1		CAJGLS01	2033			2021/01/25	2021/02/21	Contig	AUSTRALIAN NATIONAL UNIVERSITY	SAMEA7321104	55.2
28191	Lagorchestes hirsutus	65632	PRJEB39788	690434	Animals	Mammals	2.05291	45.1	GCA_904811575.1		CAJGLP01	2025			2021/01/25	2021/02/21	Contig	AUSTRALIAN NATIONAL UNIVERSITY	SAMEA7321099	54.9
28753	Lagorchestes hirsutus	65632	PRJEB39788	690434	Animals	Mammals	2.02905	45.1	GCA_904811465.1		CAJGKY01	2038			2021/01/25	2021/02/21	Contig	AUSTRALIAN NATIONAL UNIVERSITY	SAMEA7321086	54.9
29431	Lagorchestes hirsutus	65632	PRJEB39788	690434	Animals	Mammals	2.03028	45.1	GCA_904811305.1		CAJGKD01	2027			2021/01/25	2021/02/21	Contig	AUSTRALIAN NATIONAL UNIVERSITY	SAMEA7321070	54.9
28883	Lagorchestes hirsutus	65632	PRJEB39788	690434	Animals	Mammals	2.03136	45.1	GCA_904811545.1		CAJGLN01	2032			2021/01/25	2021/02/21	Contig	AUSTRALIAN NATIONAL UNIVERSITY	SAMEA7321096	54.9
28484	Lagorchestes hirsutus	65632	PRJEB39788	690434	Animals	Mammals	2.03211	45.0	GCA_904811385.1		CAJGLJ01	1999			2021/01/25	2021/02/21	Contig	AUSTRALIAN NATIONAL UNIVERSITY	SAMEA7321091	55.0
29536	Lagorchestes hirsutus	65632	PRJEB39788	690434	Animals	Mammals	2.03269	45.3	GCA_904811695.1		CAJGLQ01	2027			2021/01/25	2021/02/21	Contig	AUSTRALIAN NATIONAL UNIVERSITY	SAMEA7321114	54.7
27868	Lagorchestes hirsutus	65632	PRJEB39788	690434	Animals	Mammals	2.05963	45.0	GCA_904811725.1		CAJGLR01	2026			2021/01/25	2021/02/21	Contig	AUSTRALIAN NATIONAL UNIVERSITY	SAMEA7321102	55.0
29119	Lagorchestes hirsutus	65632	PRJEB39788	690434	Animals	Mammals	2.03276	45.1	GCA_904811245.1		CAJGKM01	2024			2021/01/25	2021/02/21	Contig	AUSTRALIAN NATIONAL UNIVERSITY	SAMEA7321067	54.9
22932	Lagorchestes hirsutus	65632	PRJEB39788	690434	Animals	Mammals	2.11554	44.7	GCA_904811655.1		CAJGMC01	2005			2021/01/25	2021/02/21	Contig	AUSTRALIAN NATIONAL UNIVERSITY	SAMEA7321107	55.3
20449	Lagorchestes hirsutus	65632	PRJEB39788	690434	Animals	Mammals	2.24567	45.7	GCA_904812835.1		CAJGOZ01	2043			2021/01/25	2021/02/21	Contig	AUSTRALIAN NATIONAL UNIVERSITY	SAMEA7321210	54.3
28021	Lagorchestes hirsutus	65632	PRJEB39788	690434	Animals	Mammals	2.04022	44.9	GCA_904811595.1		CAJGLU01	2023			2021/01/25	2021/02/21	Contig	AUSTRALIAN NATIONAL UNIVERSITY	SAMEA7321109	55.1
28619	Lagorchestes hirsutus	65632	PRJEB39788	690434	Animals	Mammals	2.04831	45.1	GCA_904811435.1		CAJGLA01	2028			2021/01/25	2021/02/21	Contig	AUSTRALIAN NATIONAL UNIVERSITY	SAMEA7321080	54.9
751	Lagostrophus fasciatus	65634	PRJEB39788	690434	Animals	Mammals	2.16093	45.0	GCA_904811075.1		CAJGKB01	2031			2021/01/25	2021/02/21	Contig	AUSTRALIAN NATIONAL UNIVERSITY	SAMEA7321059	55.0
9064	Lasiorhinus latifrons	30668	PRJEB39788	690434	Animals	Mammals	2.40577	45.2	GCA_904813145.1		CAJGPV01	2048			2021/01/25	2021/02/21	Contig	AUSTRALIAN NATIONAL UNIVERSITY	SAMEA7321243	54.8
20420	Lepus europaeus	9983	PRJNA1009710	1009710	Animals	Mammals	31.5507	44.6	GCA_033115075.1		JAVHNU01	61			2023/10/30	2023/10/30	Scaffold	University of Eastern Finland	SAMN33984520	55.4
15504	Luscinia luscinia	391696	PRJNA808609	808609	Animals	Birds	5.53602	39.0	GCA_030412475.1		JAOYSP01	744			2023/07/05	2023/07/05	Scaffold	Charles University	SAMN26095807	61.0
15505	Luscinia megarhynchos	383689	PRJNA808609	808609	Animals	Birds	3.43536	42.7	GCA_030412455.1		JAOYSO01	1423			2023/07/05	2023/07/05	Scaffold	Charles University	SAMN26095801	57.3
18622	Macaca assamensis	9551	PRJNA790674	790674	Animals	Mammals	11.1197	39.9	GCA_030247305.1		DAJYAD01	55			2023/06/08	2023/06/08	Scaffold	BGI-Shenzhen	SAMN24220317	60.1
27251	Macaca mulatta	9544	PRJNA18243	18243	Animals	Mammals	2.3113	41.1	GCA_000167555.2		AAGN01	2715			2006/11/09	2014/08/11	Contig	Institute of Molecular Biotechnology, Genome Analysis, Germany, Jena	SAMN02981222	58.9
27168	Macaca mulatta	9544	PRJNA253406	253406	Animals	Mammals	11.7537	40.1	GCA_001270425.1	chromosome Y:CM003438.1		3			2015/08/20	2015/08/20	Chromosome	Baylor College of Medicine	SAMN03857103	59.9
26819	Macaca mulatta	9544	PRJNA662298	662298	Animals	Mammals	19.7745	43.9	GCA_014858485.1		JACWAW01	531			2020/10/05	2020/10/05	Scaffold	University of Washington	SAMN09435472	56.1
27551	Macaca mulatta	9544	PRJNA356454	356454	Animals	Mammals	193.61	46.0	GCA_001984255.1		MRVA01	295887			2017/02/03	2017/02/03	Contig	University of Nebraska Nonhuman Primate Genome Center	SAMN02981228	54.0
18511	Macaca silenus	54601	PRJNA790674	790674	Animals	Mammals	10.9937	40.7	GCA_030247295.1		DAJYAC01	54			2023/06/08	2023/06/08	Scaffold	BGI-Shenzhen	SAMN24220319	59.3
17479	Macropus fuliginosus	9316	PRJEB39788	690434	Animals	Mammals	2.22869	45.3	GCA_904811135.1		CAJGJW01	2048			2021/01/25	2021/02/21	Contig	AUSTRALIAN NATIONAL UNIVERSITY	SAMEA7321050	54.7
18368	Macropus giganteus	9317	PRJEB39788	690434	Animals	Mammals	1.71874	44.3	GCA_904810925.1		CAJGJD01	2050			2021/01/25	2021/02/21	Contig	AUSTRALIAN NATIONAL UNIVERSITY	SAMEA7321020	55.7
22939	Macrotis lagotis	92651	PRJEB39788	690434	Animals	Mammals	0.617832	44.1	GCA_904845285.1		CAJGYK01	1330			2021/01/25	2021/02/21	Contig	AUSTRALIAN NATIONAL UNIVERSITY	SAMEA7354545	55.9
19619	Macrotis lagotis	92651	PRJEB39788	690434	Animals	Mammals	2.0401	44.1	GCA_904813115.1		CAJGPT01	2002			2021/01/25	2021/02/21	Contig	AUSTRALIAN NATIONAL UNIVERSITY	SAMEA7321242	55.9
20439	Macrotis lagotis	92651	PRJEB39788	690434	Animals	Mammals	1.88488	44.6	GCA_904813135.1		CAJGPU01	1985			2021/01/25	2021/02/21	Contig	AUSTRALIAN NATIONAL UNIVERSITY	SAMEA7321240	55.4
11222	Megaloceros giganteus	227166	PRJEB41343	901754	Animals	Mammals	0.015499	33.3	GCA_905120135.1		CAJHNX01	2			2022/11/15	2022/11/16	Contig	Institute of Clinical Molecular Biology	SAMEA7573983	66.7
15918	Megaloceros giganteus	227166	PRJEB41343	901754	Animals	Mammals	0.015499	33.3	GCA_905120125.1		CAJHNY01	2			2022/11/15	2022/11/16	Scaffold	Institute of Clinical Molecular Biology	SAMEA7573982	66.7
18296	Micromys minutus	13151	PRJEB72092	1069582	Animals	Mammals	476.357	39.6	GCA_963924645.1		CAWUQS01	5020			2024/01/25	2024/01/26	Contig	WELLCOME SANGER INSTITUTE	SAMEA112468042	60.4
16833	Microperoryctes longicauda	38629	PRJEB39788	690434	Animals	Mammals	1.58366	44.6	GCA_904814215.1		CAJGTZ01	1961			2021/01/25	2021/02/21	Contig	AUSTRALIAN NATIONAL UNIVERSITY	SAMEA7321349	55.4
7589	Microperoryctes longicauda	38629	PRJEB39788	690434	Animals	Mammals	2.04313	44.1	GCA_904812025.1		CAJGNO01	2002			2021/01/25	2021/02/21	Contig	AUSTRALIAN NATIONAL UNIVERSITY	SAMEA7321039	55.9
21754	Microperoryctes longicauda magnus	164530	PRJEB39788	690434	Animals	Mammals	1.35313	46.0	GCA_904814325.1		CAJGUH01	1953			2021/01/25	2021/01/25	Contig	AUSTRALIAN NATIONAL UNIVERSITY	SAMEA7321353	54.0
9097	Microperoryctes papuensis	65613	PRJEB39788	690434	Animals	Mammals	1.37794	45.1	GCA_904814235.1		CAJGUA01	1972			2021/01/25	2021/02/21	Contig	AUSTRALIAN NATIONAL UNIVERSITY	SAMEA7321351	54.9
16478	Murexia habbema	418664	PRJEB39788	690434	Animals	Mammals	0.956221	50.7	GCA_904810545.1		CAJGHW01	1867			2021/01/25	2021/02/21	Contig	AUSTRALIAN NATIONAL UNIVERSITY	SAMEA7320991	49.3
8994	Murexia habbema	418664	PRJEB39788	690434	Animals	Mammals	1.63623	45.2	GCA_904813625.1		CAJGRR01	1945			2021/01/25	2021/02/21	Contig	AUSTRALIAN NATIONAL UNIVERSITY	SAMEA7321291	54.8
9030	Murexia longicaudata	37736	PRJEB39788	690434	Animals	Mammals	2.17241	44.4	GCA_904811165.1		CAJGJQ01	2029			2021/01/25	2021/02/21	Contig	AUSTRALIAN NATIONAL UNIVERSITY	SAMEA7321042	55.6
5988	Murexia melanurus	418663	PRJEB39788	690434	Animals	Mammals	1.7407	43.7	GCA_904810885.1		CAJGIQ01	2050			2021/01/25	2021/02/21	Contig	AUSTRALIAN NATIONAL UNIVERSITY	SAMEA7321014	56.3
8996	Murexia naso	418659	PRJEB39788	690434	Animals	Mammals	2.29193	42.7	GCA_904810575.1		CAJGIE01	2066			2021/01/25	2021/02/21	Contig	AUSTRALIAN NATIONAL UNIVERSITY	SAMEA7320993	57.3
21855	Murexia rothschildi	418657	PRJEB39788	690434	Animals	Mammals	0.884116	50.6	GCA_904810855.1		CAJGIO01	1804			2021/01/25	2021/02/21	Contig	AUSTRALIAN NATIONAL UNIVERSITY	SAMEA7321015	49.4
16469	Murexia rothschildi	418657	PRJEB39788	690434	Animals	Mammals	1.66045	45.5	GCA_904814205.1		CAJGTY01	1969			2021/01/25	2021/02/21	Contig	AUSTRALIAN NATIONAL UNIVERSITY	SAMEA7321352	54.5
9014	Murexia rothschildi	418657	PRJEB39788	690434	Animals	Mammals	1.80682	44.6	GCA_904813965.1		CAJGTA01	2006			2021/01/25	2021/02/21	Contig	AUSTRALIAN NATIONAL UNIVERSITY	SAMEA7321327	55.4
31561	Mus musculus	10090	PRJEB60145	937582	Animals	Mammals	114.759	38.6	GCA_949316305.1		CASGFD01	1806			2023/02/23	2023/02/24	Contig	WELLCOME SANGER INSTITUTE	SAMEA112251260	61.4
9082	Myoictis leucura	290592	PRJEB39788	690434	Animals	Mammals	1.79458	44.8	GCA_904813865.1		CAJGSO01	1996			2021/01/25	2021/02/21	Contig	AUSTRALIAN NATIONAL UNIVERSITY	SAMEA7321315	55.2
9032	Myoictis melas	32549	PRJEB39788	690434	Animals	Mammals	2.11669	44.7	GCA_904810995.1		CAJGJJ01	1988			2021/01/25	2021/02/21	Contig	AUSTRALIAN NATIONAL UNIVERSITY	SAMEA7321044	55.3
9085	Myoictis wallacei	63144	PRJEB39788	690434	Animals	Mammals	1.60762	45.9	GCA_904813925.1		CAJGSY01	1986			2021/01/25	2021/02/21	Contig	AUSTRALIAN NATIONAL UNIVERSITY	SAMEA7321323	54.1
9086	Myoictis wavicus	290591	PRJEB39788	690434	Animals	Mammals	1.68811	45.3	GCA_904813975.1		CAJGTB01	1993			2021/01/25	2021/02/21	Contig	AUSTRALIAN NATIONAL UNIVERSITY	SAMEA7321326	54.7
20481	Myrmecobius fasciatus	55782	PRJEB39788	690434	Animals	Mammals	1.95433	45.1	GCA_904813525.1		CAJGRF01	1962			2021/01/25	2021/02/21	Contig	AUSTRALIAN NATIONAL UNIVERSITY	SAMEA7321278	54.9
19532	Myrmecobius fasciatus	55782	PRJEB39788	690434	Animals	Mammals	2.29995	44.0	GCA_904813275.1		CAJGQI01	2058			2021/01/25	2021/02/21	Contig	AUSTRALIAN NATIONAL UNIVERSITY	SAMEA7321252	56.0
8995	Neophascogale lorentzii	32551	PRJEB39788	690434	Animals	Mammals	1.3946	48.3	GCA_904810695.1		CAJGHY01	1967			2021/01/25	2021/02/21	Contig	AUSTRALIAN NATIONAL UNIVERSITY	SAMEA7320992	51.7
9021	Ningaui ridei	32553	PRJEB39788	690434	Animals	Mammals	1.67254	45.5	GCA_904814305.1		CAJGUI01	1938			2021/01/25	2021/02/21	Contig	AUSTRALIAN NATIONAL UNIVERSITY	SAMEA7321363	54.5
16466	Ningaui ridei	32553	PRJEB39788	690434	Animals	Mammals	1.70606	45.1	GCA_904813575.1		CAJGRN01	1975			2021/01/25	2021/02/21	Contig	AUSTRALIAN NATIONAL UNIVERSITY	SAMEA7321287	54.9
21857	Ningaui ridei	32553	PRJEB39788	690434	Animals	Mammals	0.17442	50.4	GCA_904812285.1		CAJGNZ01	307			2021/01/25	2021/02/21	Contig	AUSTRALIAN NATIONAL UNIVERSITY	SAMEA7321152	49.6
22146	Ningaui ridei	32553	PRJEB39788	690434	Animals	Mammals	0.606369	51.9	GCA_904812055.1		CAJGNE01	1257			2021/01/25	2021/02/21	Contig	AUSTRALIAN NATIONAL UNIVERSITY	SAMEA7321032	48.1
8997	Ningaui timealeyi	60702	PRJEB39788	690434	Animals	Mammals	1.67467	44.4	GCA_904813995.1		CAJGTC01	1925			2021/01/25	2021/02/21	Contig	AUSTRALIAN NATIONAL UNIVERSITY	SAMEA7321328	55.6
16477	Ningaui timealeyi	60702	PRJEB39788	690434	Animals	Mammals	0.535066	50.7	GCA_904810535.1		CAJGHV01	1362			2021/01/25	2021/02/21	Contig	AUSTRALIAN NATIONAL UNIVERSITY	SAMEA7320994	49.3
16449	Ningaui yvonnae	32554	PRJEB39788	690434	Animals	Mammals	0.311564	50.7	GCA_904814345.1		CAJGUB01	628			2021/01/25	2021/02/21	Contig	AUSTRALIAN NATIONAL UNIVERSITY	SAMEA7321356	49.3
9107	Ningaui yvonnae	32554	PRJEB39788	690434	Animals	Mammals	1.5431	46.6	GCA_904813685.1		CAJGRX01	1889			2021/01/25	2021/02/21	Contig	AUSTRALIAN NATIONAL UNIVERSITY	SAMEA7321297	53.4
20502	Nomascus siki	9586	PRJNA790674	790674	Animals	Mammals	11.944	40.7	GCA_030247275.1		DAJYAB01	79			2023/06/08	2023/06/08	Scaffold	BGI-Shenzhen	SAMN24220321	59.3
9098	Notamacropus agilis	9313	PRJEB39788	690434	Animals	Mammals	1.48669	46.7	GCA_904814285.1		CAJGUL01	1998			2021/01/25	2021/02/21	Contig	AUSTRALIAN NATIONAL UNIVERSITY	SAMEA7321354	53.3
23310	Notamacropus eugenii derbianus	1960664	PRJEB39788	690434	Animals	Mammals	2.20212	44.9	GCA_904811105.1		CAJGJK01	2040			2021/01/25	2021/01/25	Contig	AUSTRALIAN NATIONAL UNIVERSITY	SAMEA7321058	55.1
23123	Notamacropus eugenii eugenii	1960642	PRJEB39788	690434	Animals	Mammals	2.2205	44.8	GCA_904811045.1		CAJGJV01	2042			2021/01/25	2021/01/25	Contig	AUSTRALIAN NATIONAL UNIVERSITY	SAMEA7321049	55.2
9101	Notamacropus irma	196387	PRJEB39788	690434	Animals	Mammals	1.47573	46.6	GCA_904814355.1		CAJGUN01	1970			2021/01/25	2021/02/21	Contig	AUSTRALIAN NATIONAL UNIVERSITY	SAMEA7321365	53.4
7581	Notamacropus rufogriseus banksianus	88868	PRJEB39788	690434	Animals	Mammals	1.73597	46.2	GCA_904811085.1		CAJGJM01	1956			2021/01/25	2021/01/25	Contig	AUSTRALIAN NATIONAL UNIVERSITY	SAMEA7321051	53.8
16840	Notamacropus rufogriseus rufogriseus	88869	PRJEB39788	690434	Animals	Mammals	1.05292	48.8	GCA_904810775.1		CAJGII01	1906			2021/01/25	2021/01/25	Contig	AUSTRALIAN NATIONAL UNIVERSITY	SAMEA7321002	51.2
9037	Notoryctes caurinus	203824	PRJEB39788	690434	Animals	Mammals	1.44223	45.6	GCA_904811115.1		CAJGJY01	1917			2021/01/25	2021/02/21	Contig	AUSTRALIAN NATIONAL UNIVERSITY	SAMEA7321053	54.4
19617	Notoryctes typhlops	37699	PRJEB39788	690434	Animals	Mammals	1.00748	48.4	GCA_904813705.1		CAJGSF01	1875			2021/01/25	2021/02/21	Contig	AUSTRALIAN NATIONAL UNIVERSITY	SAMEA7321303	51.6
681	Notoryctes typhlops	37699	PRJEB39788	690434	Animals	Mammals	1.94152	44.6	GCA_904813125.1		CAJGPS01	2030			2021/01/25	2021/02/21	Contig	AUSTRALIAN NATIONAL UNIVERSITY	SAMEA7321241	55.4
22959	Odocoileus virginianus	9874	PRJNA52611	52611	Animals	Mammals	37.6562	45.2	GCA_000191625.1		AEGZ01	93873			2011/03/07	2014/08/06	Contig	Texas A&M University	SAMN02953782	54.8
23438	Odocoileus virginianus	9874	PRJNA52611	52611	Animals	Mammals	15.0023	45.6	GCA_000191605.1		AEGY01	44342			2011/03/07	2014/08/06	Contig	Texas A&M University	SAMN02953782	54.4
9067	Onychogalea fraenata	114227	PRJEB39788	690434	Animals	Mammals	1.87926	45.5	GCA_904813405.1		CAJGQV01	2055			2021/01/25	2021/02/21	Contig	AUSTRALIAN NATIONAL UNIVERSITY	SAMEA7321269	54.5
16454	Onychogalea fraenata	114227	PRJEB39788	690434	Animals	Mammals	0.387404	48.6	GCA_904813415.1		CAJGQW01	976			2021/01/25	2021/02/21	Contig	AUSTRALIAN NATIONAL UNIVERSITY	SAMEA7321271	51.4
9031	Onychogalea unguifera	65626	PRJEB39788	690434	Animals	Mammals	2.27874	44.8	GCA_904810985.1		CAJGJI01	2048			2021/01/25	2021/02/21	Contig	AUSTRALIAN NATIONAL UNIVERSITY	SAMEA7321043	55.2
9017	Osphranter antilopinus	9314	PRJEB39788	690434	Animals	Mammals	1.26443	46.8	GCA_904810945.1		CAJGJH01	2031			2021/01/25	2021/02/21	Contig	AUSTRALIAN NATIONAL UNIVERSITY	SAMEA7321022	53.2
564	Osphranter robustus	9319	PRJEB39788	690434	Animals	Mammals	1.59973	46.1	GCA_904813695.1		CAJGRZ01	2019			2021/01/25	2021/02/21	Contig	AUSTRALIAN NATIONAL UNIVERSITY	SAMEA7321299	53.9
9036	Osphranter rufus	9321	PRJEB39788	690434	Animals	Mammals	2.22147	44.8	GCA_904811025.1		CAJGJU01	2040			2021/01/25	2021/02/21	Contig	AUSTRALIAN NATIONAL UNIVERSITY	SAMEA7321048	55.2
31565	Ovis aries	9940	PRJNA739192	739192	Animals	Mammals	25.9171	43.8	GCA_030512445.1	chromosome Y:CP128831.1		1			2023/07/20	2023/07/28	Chromosome	NCBI	SAMN35642123	56.2
25432	Pan paniscus	9597	PRJNA602326	602326	Animals	Mammals	23.435	38.6	GCA_015021855.1		JACXVM01	3590			2020/10/26	2020/10/26	Scaffold	Penn State University	SAMN13940816	61.4
25535	Pan troglodytes	9598	PRJNA13184	13184	Animals	Mammals	32.7991	41.0	GCA_000090855.1	chromosome 21:BA000046.3		3	21.0	20.0	2004/06/12	2008/07/12	Chromosome	Chimpanzee Sequencing and Analysis Consortium		59.0
26207	Pan troglodytes	9598	PRJEB6763	374443	Animals	Mammals	4.89725	44.6	GCA_900156565.1		FTQW01	1			2017/02/12	2017/02/12	Scaffold	STANFORD UNIVERSITY	SAMEA2660243	55.4
25637	Pan troglodytes verus	37012	PRJNA16847	16847	Animals	Mammals	12.2633	36.0	GCA_000002175.2	chromosome Y:BA000047.1		2			2006/04/13	2016/12/16	Chromosome	The Chimpanzee Chromosome Y Sequencing Consortium	SAMD00067074	64.0
20241	Papio anubis	9555	PRJNA790674	790674	Animals	Mammals	9.07584	39.6	GCA_030247455.1		DANDIP01	26			2023/06/08	2023/06/08	Scaffold	BGI-Shenzhen	SAMN24220323	60.4
19832	Papio hamadryas	9557	PRJNA790674	790674	Animals	Mammals	14.9866	39.6	GCA_030247225.1		DAJYAA01	116			2023/06/08	2023/06/08	Scaffold	BGI-Shenzhen	SAMN24220324	60.4
9000	Parantechinus apicalis	9291	PRJEB39788	690434	Animals	Mammals	0.507974	50.1	GCA_904810715.1		CAJGIA01	1262			2021/01/25	2021/02/21	Contig	AUSTRALIAN NATIONAL UNIVERSITY	SAMEA7320998	49.9
8985	Perameles bougainville	120735	PRJEB39788	690434	Animals	Mammals	1.31474	44.5	GCA_904810595.1		CAJGIG01	2035			2021/01/25	2021/02/21	Contig	AUSTRALIAN NATIONAL UNIVERSITY	SAMEA7320982	55.5
16482	Perameles bougainville	120735	PRJEB39788	690434	Animals	Mammals	0.711311	52.0	GCA_904810605.1		CAJGHO01	1223			2021/01/25	2021/02/21	Contig	AUSTRALIAN NATIONAL UNIVERSITY	SAMEA7319401	48.0
673	Perameles gunnii	37737	PRJEB39788	690434	Animals	Mammals	2.17931	43.9	GCA_904813075.1		CAJGPO01	1985			2021/01/25	2021/02/21	Contig	AUSTRALIAN NATIONAL UNIVERSITY	SAMEA7321237	56.1
9054	Perameles nasuta	9344	PRJEB39788	690434	Animals	Mammals	2.11853	45.3	GCA_904813225.1		CAJGQD01	1979			2021/01/25	2021/02/21	Contig	AUSTRALIAN NATIONAL UNIVERSITY	SAMEA7321251	54.7
9072	Peroryctes raffrayana	65628	PRJEB39788	690434	Animals	Mammals	1.97606	45.6	GCA_904813055.1		CAJGPM01	1941			2021/01/25	2021/02/21	Contig	AUSTRALIAN NATIONAL UNIVERSITY	SAMEA7321233	54.4
9069	Petauroides volans	146632	PRJEB39788	690434	Animals	Mammals	2.22019	45.7	GCA_904813455.1		CAJGRA01	2032			2021/01/25	2021/02/21	Contig	AUSTRALIAN NATIONAL UNIVERSITY	SAMEA7321273	54.3
9029	Petaurus abidi	661127	PRJEB39788	690434	Animals	Mammals	2.18544	45.0	GCA_904811125.1		CAJGJR01	2059			2021/01/25	2021/02/21	Contig	AUSTRALIAN NATIONAL UNIVERSITY	SAMEA7321041	55.0
9099	Petaurus australis	282342	PRJEB39788	690434	Animals	Mammals	1.08439	46.6	GCA_904814245.1		CAJGUD01	1750			2021/01/25	2021/02/21	Contig	AUSTRALIAN NATIONAL UNIVERSITY	SAMEA7321355	53.4
18664	Petaurus breviceps	34899	PRJEB39788	690434	Animals	Mammals	0.994581	48.2	GCA_904810845.1		CAJGIZ01	2017			2021/01/25	2021/02/21	Contig	AUSTRALIAN NATIONAL UNIVERSITY	SAMEA7321016	51.8
20996	Petaurus breviceps	34899	PRJEB39788	690434	Animals	Mammals	0.538888	51.0	GCA_904813035.1		CAJGPL01	1274			2021/01/25	2021/02/21	Contig	AUSTRALIAN NATIONAL UNIVERSITY	SAMEA7321234	49.0
9075	Petaurus norfolcensis	122272	PRJEB39788	690434	Animals	Mammals	1.47919	46.9	GCA_904813745.1		CAJGSH01	2012			2021/01/25	2021/02/21	Contig	AUSTRALIAN NATIONAL UNIVERSITY	SAMEA7321302	53.1
7583	Petrogale brachyotis victoriae	1648428	PRJEB39788	690434	Animals	Mammals	2.35314	45.6	GCA_904812665.1		CAJGOV01	2048			2021/01/25	2021/01/25	Contig	AUSTRALIAN NATIONAL UNIVERSITY	SAMEA7321199	54.4
16838	Petrogale brachyotis victoriae	1648428	PRJEB39788	690434	Animals	Mammals	2.25205	45.8	GCA_904812595.1		CAJGOW01	2044			2021/01/25	2021/01/25	Contig	AUSTRALIAN NATIONAL UNIVERSITY	SAMEA7321198	54.2
9046	Petrogale coenensis	54081	PRJEB39788	690434	Animals	Mammals	2.49613	45.6	GCA_904812605.1		CAJGOX01	2046			2021/01/25	2021/02/21	Contig	AUSTRALIAN NATIONAL UNIVERSITY	SAMEA7321190	54.4
16458	Petrogale coenensis	54081	PRJEB39788	690434	Animals	Mammals	2.30435	45.7	GCA_904812615.1		CAJGOT01	2033			2021/01/25	2021/02/21	Contig	AUSTRALIAN NATIONAL UNIVERSITY	SAMEA7321189	54.3
16836	Petrogale concinna canescens	1936090	PRJEB39788	690434	Animals	Mammals	2.35948	45.5	GCA_904812245.1		CAJGOF01	2038			2021/01/25	2021/01/25	Contig	AUSTRALIAN NATIONAL UNIVERSITY	SAMEA7321153	54.5
7586	Petrogale concinna monastria	1648459	PRJEB39788	690434	Animals	Mammals	2.36196	45.7	GCA_904812235.1		CAJGOJ01	2047			2021/01/25	2021/01/25	Contig	AUSTRALIAN NATIONAL UNIVERSITY	SAMEA7321154	54.3
9047	Petrogale godmani	54082	PRJEB39788	690434	Animals	Mammals	2.48983	45.2	GCA_904812675.1		CAJGOU01	2048			2021/01/25	2021/02/21	Contig	AUSTRALIAN NATIONAL UNIVERSITY	SAMEA7321192	54.8
9045	Petrogale inornata	54084	PRJEB39788	690434	Animals	Mammals	2.37316	45.7	GCA_904812525.1		CAJGOS01	2045			2021/01/25	2021/02/21	Contig	AUSTRALIAN NATIONAL UNIVERSITY	SAMEA7321187	54.3
16834	Petrogale lateralis hacketti	172272	PRJEB39788	690434	Animals	Mammals	2.03309	46.3	GCA_904812425.1		CAJGON01	2027			2021/01/25	2021/01/25	Contig	AUSTRALIAN NATIONAL UNIVERSITY	SAMEA7321166	53.7
7582	Petrogale lateralis pearsoni	172274	PRJEB39788	690434	Animals	Mammals	2.27326	45.7	GCA_913248055.1		CAJYCG01	2046			2021/08/20	2021/08/20	Contig	AUSTRALIAN NATIONAL UNIVERSITY	SAMEA7321167	54.3
9041	Petrogale mareeba	54087	PRJEB39788	690434	Animals	Mammals	2.30819	45.8	GCA_904812495.1		CAJGOP01	2047			2021/01/25	2021/02/21	Contig	AUSTRALIAN NATIONAL UNIVERSITY	SAMEA7321179	54.2
9040	Petrogale persephone	65614	PRJEB39788	690434	Animals	Mammals	2.31656	45.8	GCA_904812475.1		CAJGOQ01	2044			2021/01/25	2021/02/21	Contig	AUSTRALIAN NATIONAL UNIVERSITY	SAMEA7321174	54.2
9039	Petrogale purpureicollis	175627	PRJEB39788	690434	Animals	Mammals	2.38512	45.5	GCA_904812335.1		CAJGOL01	2042			2021/01/25	2021/02/21	Contig	AUSTRALIAN NATIONAL UNIVERSITY	SAMEA7321161	54.5
16459	Petrogale rothschildi	1119526	PRJEB39788	690434	Animals	Mammals	2.40306	45.5	GCA_904812315.1		CAJGOI01	2046			2021/01/25	2021/02/21	Contig	AUSTRALIAN NATIONAL UNIVERSITY	SAMEA7321155	54.5
9044	Petrogale rothschildi	1119526	PRJEB39788	690434	Animals	Mammals	2.43376	45.5	GCA_904812265.1		CAJGOE01	2048			2021/01/25	2021/02/21	Contig	AUSTRALIAN NATIONAL UNIVERSITY	SAMEA7321156	54.5
16460	Petrogale sharmani	54089	PRJEB39788	690434	Animals	Mammals	2.25475	45.8	GCA_904812505.1		CAJGOO01	2044			2021/01/25	2021/02/21	Contig	AUSTRALIAN NATIONAL UNIVERSITY	SAMEA7321180	54.2
9042	Petrogale sharmani	54089	PRJEB39788	690434	Animals	Mammals	2.30383	45.9	GCA_904812575.1		CAJGOR01	1973			2021/01/25	2021/02/21	Contig	AUSTRALIAN NATIONAL UNIVERSITY	SAMEA7321181	54.1
9048	Petrogale wilkinsi	1648445	PRJEB39788	690434	Animals	Mammals	2.53089	45.1	GCA_904812765.1		CAJGOY01	2037			2021/01/25	2021/02/21	Contig	AUSTRALIAN NATIONAL UNIVERSITY	SAMEA7321201	54.9
22193	Petrogale xanthopus celeris	54091	PRJEB39788	690434	Animals	Mammals	2.28461	45.5	GCA_904812275.1		CAJGOG01	2050			2021/01/25	2021/01/25	Contig	AUSTRALIAN NATIONAL UNIVERSITY	SAMEA7321157	54.5
21753	Petrogale xanthopus celeris	54091	PRJEB39788	690434	Animals	Mammals	2.351	45.6	GCA_904812305.1		CAJGOH01	2044			2021/01/25	2021/01/25	Contig	AUSTRALIAN NATIONAL UNIVERSITY	SAMEA7321158	54.4
16835	Petrogale xanthopus xanthopus	54090	PRJEB39788	690434	Animals	Mammals	2.40547	45.4	GCA_904812225.1		CAJGOB01	2047			2021/01/25	2021/01/25	Contig	AUSTRALIAN NATIONAL UNIVERSITY	SAMEA7321159	54.6
7587	Petrogale xanthopus xanthopus	54090	PRJEB39788	690434	Animals	Mammals	2.51005	45.5	GCA_904812355.1		CAJGOM01	2045			2021/01/25	2021/01/25	Contig	AUSTRALIAN NATIONAL UNIVERSITY	SAMEA7321160	54.5
16470	Petropseudes dahli	596258	PRJEB39788	690434	Animals	Mammals	1.27649	47.2	GCA_904814055.1		CAJGTI01	1871			2021/01/25	2021/02/21	Contig	AUSTRALIAN NATIONAL UNIVERSITY	SAMEA7321334	52.8
9013	Petropseudes dahli	596258	PRJEB39788	690434	Animals	Mammals	1.57355	44.5	GCA_904810825.1		CAJGJA01	2056			2021/01/25	2021/02/21	Contig	AUSTRALIAN NATIONAL UNIVERSITY	SAMEA7321011	55.5
9074	Phalanger carmelitae	38623	PRJEB39788	690434	Animals	Mammals	2.52179	45.1	GCA_904813505.1		CAJGRJ01	2073			2021/01/25	2021/02/21	Contig	AUSTRALIAN NATIONAL UNIVERSITY	SAMEA7321280	54.9
16451	Phalanger carmelitae	38623	PRJEB39788	690434	Animals	Mammals	0.963506	49.5	GCA_904845325.1		CAJGYL01	1969			2021/01/25	2021/02/21	Contig	AUSTRALIAN NATIONAL UNIVERSITY	SAMEA7354544	50.5
21853	Phalanger gymnotis	65615	PRJEB39788	690434	Animals	Mammals	0.602116	51.1	GCA_904810815.1		CAJGIY01	1299			2021/01/25	2021/02/21	Contig	AUSTRALIAN NATIONAL UNIVERSITY	SAMEA7321007	48.9
16475	Phalanger gymnotis	65615	PRJEB39788	690434	Animals	Mammals	1.16935	48.4	GCA_904814165.1		CAJGTU01	1832			2021/01/25	2021/02/21	Contig	AUSTRALIAN NATIONAL UNIVERSITY	SAMEA7321346	51.6
9096	Phalanger lullulae	88212	PRJEB39788	690434	Animals	Mammals	1.05484	48.9	GCA_904814195.1		CAJGTW01	1827			2021/01/25	2021/02/21	Contig	AUSTRALIAN NATIONAL UNIVERSITY	SAMEA7321348	51.1
8547	Phalanger orientalis	42473	PRJEB39788	690434	Animals	Mammals	2.33563	45.1	GCA_904813025.1		CAJGPJ01	2060			2021/01/25	2021/02/21	Contig	AUSTRALIAN NATIONAL UNIVERSITY	SAMEA7321231	54.9
9095	Phalanger sericeus	175808	PRJEB39788	690434	Animals	Mammals	0.644975	49.5	GCA_904814185.1		CAJGTV01	1090			2021/01/25	2021/02/21	Contig	AUSTRALIAN NATIONAL UNIVERSITY	SAMEA7321347	50.5
730	Phalanger vestitus	175809	PRJEB39788	690434	Animals	Mammals	1.56873	45.7	GCA_904813955.1		CAJGSU01	2033			2021/01/25	2021/02/21	Contig	AUSTRALIAN NATIONAL UNIVERSITY	SAMEA7321319	54.3
9058	Phascogale calura	38776	PRJEB39788	690434	Animals	Mammals	2.60576	44.0	GCA_904813325.1		CAJGQK01	2055			2021/01/25	2021/02/21	Contig	AUSTRALIAN NATIONAL UNIVERSITY	SAMEA7321261	56.0
670	Phascogale tapoatafa	9293	PRJEB39788	690434	Animals	Mammals	2.40503	44.2	GCA_904813255.1		CAJGQH01	2053			2021/01/25	2021/02/21	Contig	AUSTRALIAN NATIONAL UNIVERSITY	SAMEA7321254	55.8
24952	Phascolarctos cinereus	38626	PRJEB39788	690434	Animals	Mammals	2.48657	45.3	GCA_904813495.1		CAJGRE01	2058			2021/01/25	2021/02/21	Contig	AUSTRALIAN NATIONAL UNIVERSITY	SAMEA7321282	54.7
25328	Phascolarctos cinereus	38626	PRJEB39788	690434	Animals	Mammals	2.31398	45.8	GCA_904813595.1		CAJGRO01	2061			2021/01/25	2021/02/21	Contig	AUSTRALIAN NATIONAL UNIVERSITY	SAMEA7321285	54.2
24278	Phascolarctos cinereus	38626	PRJEB39788	690434	Animals	Mammals	2.48901	45.3	GCA_904813535.1		CAJGRK01	2059			2021/01/25	2021/02/21	Contig	AUSTRALIAN NATIONAL UNIVERSITY	SAMEA7321284	54.7
23688	Phascolarctos cinereus	38626	PRJEB39788	690434	Animals	Mammals	2.89721	44.8	GCA_904813555.1		CAJGRH01	2060			2021/01/25	2021/02/21	Contig	AUSTRALIAN NATIONAL UNIVERSITY	SAMEA7321283	55.2
8992	Phascolosorex dorsalis	9295	PRJEB39788	690434	Animals	Mammals	1.86821	44.6	GCA_904813985.1		CAJGSZ01	2018			2021/01/25	2021/02/21	Contig	AUSTRALIAN NATIONAL UNIVERSITY	SAMEA7321325	55.4
16480	Phascolosorex dorsalis	9295	PRJEB39788	690434	Animals	Mammals	1.81063	44.5	GCA_904814025.1		CAJGTF01	2036			2021/01/25	2021/02/21	Contig	AUSTRALIAN NATIONAL UNIVERSITY	SAMEA7321332	55.5
21851	Phascolosorex dorsalis	9295	PRJEB39788	690434	Animals	Mammals	0.554327	51.7	GCA_904810645.1		CAJGHT01	1310			2021/01/25	2021/02/21	Contig	AUSTRALIAN NATIONAL UNIVERSITY	SAMEA7320989	48.3
9034	Planigale gilesi	32556	PRJEB39788	690434	Animals	Mammals	2.15562	44.5	GCA_904811035.1		CAJGKA01	2044			2021/01/25	2021/02/21	Contig	AUSTRALIAN NATIONAL UNIVERSITY	SAMEA7321046	55.5
9079	Planigale ingrami	34895	PRJEB39788	690434	Animals	Mammals	1.61106	45.3	GCA_904813785.1		CAJGSD01	1914			2021/01/25	2021/02/21	Contig	AUSTRALIAN NATIONAL UNIVERSITY	SAMEA7321307	54.7
9043	Planigale maculata	9297	PRJEB39788	690434	Animals	Mammals	1.87848	45.4	GCA_904811815.1		CAJGMN01	2018			2021/01/25	2021/02/21	Contig	AUSTRALIAN NATIONAL UNIVERSITY	SAMEA7321120	54.6
9059	Planigale tenuirostris	32557	PRJEB39788	690434	Animals	Mammals	2.33413	43.4	GCA_904813295.1		CAJGQM01	1988			2021/01/25	2021/02/21	Contig	AUSTRALIAN NATIONAL UNIVERSITY	SAMEA7321263	56.6
24728	Pongo abelii	9601	PRJNA602326	602326	Animals	Mammals	17.3629	36.7	GCA_015021835.1		JACXVN01	1178			2020/10/26	2020/10/26	Scaffold	Penn State University	SAMN13940817	63.3
25514	Pongo abelii	9601	PRJNA18245	18245	Animals	Mammals	2.35168	41.3	GCA_000167535.2		AAGM01	3773			2006/11/09	2014/08/11	Contig	Fritz Lipmann Institute (former Institute of Molecular Biotechnology, IMB)	SAMN02981221	58.7
23466	Pongo pygmaeus	9600	PRJEB13951	328381	Animals	Mammals	136.303	41.0	GCA_900086635.1	chromosome XII:LT571452.1		1			2016/07/09	2016/07/09	Chromosome	Universita di Bari	SAMEA3980474	59.0
9019	Potorous longipes	55310	PRJEB39788	690434	Animals	Mammals	0.596453	51.1	GCA_904812075.1		CAJGNJ01	1481			2021/01/25	2021/02/21	Contig	AUSTRALIAN NATIONAL UNIVERSITY	SAMEA7321028	48.9
671	Potorous tridactylus	9310	PRJEB39788	690434	Animals	Mammals	1.95734	47.4	GCA_904813345.1		CAJGQQ01	1761			2021/01/25	2021/02/21	Contig	AUSTRALIAN NATIONAL UNIVERSITY	SAMEA7321260	52.6
20437	Potorous tridactylus	9310	PRJEB39788	690434	Animals	Mammals	2.33051	45.1	GCA_904813305.1		CAJGQO01	2048			2021/01/25	2021/02/21	Contig	AUSTRALIAN NATIONAL UNIVERSITY	SAMEA7321258	54.9
19622	Potorous tridactylus	9310	PRJEB39788	690434	Animals	Mammals	2.49074	44.5	GCA_904813315.1		CAJGQP01	2034			2021/01/25	2021/02/21	Contig	AUSTRALIAN NATIONAL UNIVERSITY	SAMEA7321264	55.5
9020	Pseudantechinus bilarni	479705	PRJEB39788	690434	Animals	Mammals	2.42245	43.9	GCA_904812015.1		CAJGNM01	2049			2021/01/25	2021/02/21	Contig	AUSTRALIAN NATIONAL UNIVERSITY	SAMEA7321031	56.1
16481	Pseudantechinus macdonnellensis	9299	PRJEB39788	690434	Animals	Mammals	1.63816	44.8	GCA_904814175.1		CAJGTS01	2030			2021/01/25	2021/02/21	Contig	AUSTRALIAN NATIONAL UNIVERSITY	SAMEA7321344	55.2
8990	Pseudantechinus macdonnellensis	9299	PRJEB39788	690434	Animals	Mammals	2.07251	43.4	GCA_904810615.1		CAJGID01	2034			2021/01/25	2021/02/21	Contig	AUSTRALIAN NATIONAL UNIVERSITY	SAMEA7320987	56.6
9105	Pseudantechinus ningbing	32558	PRJEB39788	690434	Animals	Mammals	1.64692	45.2	GCA_904813655.1		CAJGRU01	2001			2021/01/25	2021/02/21	Contig	AUSTRALIAN NATIONAL UNIVERSITY	SAMEA7321294	54.8
9087	Pseudantechinus roryi	272619	PRJEB39788	690434	Animals	Mammals	1.72421	45.1	GCA_904814015.1		CAJGTE01	1973			2021/01/25	2021/02/21	Contig	AUSTRALIAN NATIONAL UNIVERSITY	SAMEA7321329	54.9
8998	Pseudantechinus woolleyae	32559	PRJEB39788	690434	Animals	Mammals	1.02597	49.5	GCA_904810565.1		CAJGIB01	1927			2021/01/25	2021/02/21	Contig	AUSTRALIAN NATIONAL UNIVERSITY	SAMEA7320996	50.5
16453	Pseudocheirus occidentalis	656515	PRJEB39788	690434	Animals	Mammals	2.20039	47.0	GCA_904813445.1		CAJGRD01	1989			2021/01/25	2021/02/21	Contig	AUSTRALIAN NATIONAL UNIVERSITY	SAMEA7321275	53.0
672	Pseudocheirus peregrinus	9333	PRJEB39788	690434	Animals	Mammals	2.23237	45.4	GCA_904813195.1		CAJGPY01	2055			2021/01/25	2021/02/21	Contig	AUSTRALIAN NATIONAL UNIVERSITY	SAMEA7321248	54.6
19620	Pseudocheirus peregrinus	9333	PRJEB39788	690434	Animals	Mammals	2.17884	45.3	GCA_904813215.1		CAJGQC01	2056			2021/01/25	2021/02/21	Contig	AUSTRALIAN NATIONAL UNIVERSITY	SAMEA7321250	54.7
9006	Pseudochirops albertisii	699040	PRJEB39788	690434	Animals	Mammals	1.60194	44.7	GCA_904810865.1		CAJGIS01	2031			2021/01/25	2021/02/21	Contig	AUSTRALIAN NATIONAL UNIVERSITY	SAMEA7321006	55.3
16472	Pseudochirops archeri	38621	PRJEB39788	690434	Animals	Mammals	0.784658	50.9	GCA_904810905.1		CAJGIP01	1748			2021/01/25	2021/02/21	Contig	AUSTRALIAN NATIONAL UNIVERSITY	SAMEA7321010	49.1
9011	Pseudochirops archeri	38621	PRJEB39788	690434	Animals	Mammals	1.24789	48.3	GCA_904814145.1		CAJGTM01	1877			2021/01/25	2021/02/21	Contig	AUSTRALIAN NATIONAL UNIVERSITY	SAMEA7321341	51.7
16452	Pseudochirops corinnae	65629	PRJEB39788	690434	Animals	Mammals	1.51367	49.0	GCA_904813105.1		CAJGPR01	1944			2021/01/25	2021/02/21	Contig	AUSTRALIAN NATIONAL UNIVERSITY	SAMEA7321235	51.0
16450	Pseudochirops cupreus	37702	PRJEB39788	690434	Animals	Mammals	1.35932	46.7	GCA_904813895.1		CAJGST01	1997			2021/01/25	2021/02/21	Contig	AUSTRALIAN NATIONAL UNIVERSITY	SAMEA7321320	53.3
9083	Pseudochirulus canescens	699039	PRJEB39788	690434	Animals	Mammals	1.43695	46.5	GCA_904813875.1		CAJGSR01	2025			2021/01/25	2021/02/21	Contig	AUSTRALIAN NATIONAL UNIVERSITY	SAMEA7321316	53.5
9094	Pseudochirulus caroli	699038	PRJEB39788	690434	Animals	Mammals	0.76342	50.9	GCA_904814125.1		CAJGTN01	1461			2021/01/25	2021/02/21	Contig	AUSTRALIAN NATIONAL UNIVERSITY	SAMEA7321342	49.1
9071	Pseudochirulus forbesi	65616	PRJEB39788	690434	Animals	Mammals	2.60026	44.8	GCA_904813045.1		CAJGPK01	2066			2021/01/25	2021/02/21	Contig	AUSTRALIAN NATIONAL UNIVERSITY	SAMEA7321232	55.2
9005	Pseudochirulus herbertensis	596260	PRJEB39788	690434	Animals	Mammals	1.59602	44.6	GCA_904810725.1		CAJGIJ01	2050			2021/01/25	2021/02/21	Contig	AUSTRALIAN NATIONAL UNIVERSITY	SAMEA7321004	55.4
20808	Pygathrix nigripes	310352	PRJNA790674	790674	Animals	Mammals	14.4023	39.5	GCA_030247215.1		DAJXZZ01	199			2023/06/08	2023/06/08	Scaffold	BGI-Shenzhen	SAMN24220325	60.5
13438	Pyrrhura rhodocephala	311893	PRJNA703586	703586	Animals	Birds	454.564	36.2	GCA_032356925.1		JAUELW01	163931			2023/10/04	2023/10/04	Scaffold	Iridian Genomes	SAMN25582408	63.8
26222	Rattus norvegicus	10116	PRJNA663241	663241	Animals	Mammals	286.931	41.2	GCA_015244455.1		JACYVV01	3156			2020/11/04	2020/12/02	Scaffold	Wellcome Sanger Institute	SAMN16261960	58.8
27237	Rattus norvegicus	10116	PRJNA18691	18691	Animals	Mammals	48.7205	42.1	GCA_000181015.1		AAXN01	72867			2007/04/10	2014/08/11	Scaffold	STAR - a SNP and haplotype map for the rat	SAMN02981233	57.9
27566	Rattus norvegicus	10116	PRJEB12009	305498	Animals	Mammals	328.422	25.9	GCA_900014975.1		FBXV01	365167			2016/01/14	2016/01/14	Scaffold	The Netherlands Cancer Institute, The Netherlands	SAMEA3696997	74.1
26281	Rattus norvegicus	10116	PRJNA18689	18689	Animals	Mammals	21.5875	43.4	GCA_000180715.1		AAXM01	23012			2007/04/10	2014/08/11	Scaffold	STAR - a SNP and haplotype map for the rat	SAMN02981232	56.6
26805	Rattus norvegicus	10116	PRJNA18695	18695	Animals	Mammals	22.3969	42.5	GCA_000180775.1		AAXO01	27472			2007/04/10	2014/08/11	Contig	STAR - a SNP and haplotype map for the rat	SAMN02981234	57.5
27183	Rattus norvegicus	10116	PRJNA18693	18693	Animals	Mammals	50.2245	41.3	GCA_000181035.1		AAXP01	73497			2007/04/10	2014/08/11	Contig	STAR - a SNP and haplotype map for the rat	SAMN02981235	58.7
26749	Rattus norvegicus	10116	PRJNA18687	18687	Animals	Mammals	27.2481	44.0	GCA_000180795.1		AAXL01	31928			2007/04/10	2014/08/11	Scaffold	STAR - a SNP and haplotype map for the rat	SAMN02981231	56.0
9026	Rhynchomeles prattorum	1031281	PRJEB39788	690434	Animals	Mammals	1.10554	46.2	GCA_904812095.1		CAJGNQ01	1914			2021/01/25	2021/02/21	Contig	AUSTRALIAN NATIONAL UNIVERSITY	SAMEA7321036	53.8
23555	Sapajus apella	9515	PRJNA790674	790674	Animals	Mammals	9.57957	37.8	GCA_030247235.1		DAJXZY01	137			2023/06/08	2023/06/08	Scaffold	BGI-Shenzhen	SAMN24220328	62.2
19730	Sarcophilus harrisii	9305	PRJEB35072	579825	Animals	Mammals	26.2778	38.6	GCA_902648505.1		CACRKE01	69			2019/11/07	2019/11/07	Scaffold	Wellcome Sanger Institute	SAMEA6099886	61.4
24461	Sarcophilus harrisii	9305	PRJEB39788	690434	Animals	Mammals	2.5433	44.6	GCA_904813355.1		CAJGQN01	2059			2021/01/25	2021/02/21	Contig	AUSTRALIAN NATIONAL UNIVERSITY	SAMEA7321262	55.4
16476	Setonix brachyurus	30670	PRJEB39788	690434	Animals	Mammals	1.37129	47.5	GCA_904810585.1		CAJGHQ01	1910			2021/01/25	2021/02/21	Contig	AUSTRALIAN NATIONAL UNIVERSITY	SAMEA7321366	52.5
9003	Setonix brachyurus	30670	PRJEB39788	690434	Animals	Mammals	1.62928	45.4	GCA_904810765.1		CAJGIK01	2016			2021/01/25	2021/02/21	Contig	AUSTRALIAN NATIONAL UNIVERSITY	SAMEA7321001	54.6
21852	Setonix brachyurus	30670	PRJEB39788	690434	Animals	Mammals	1.41542	46.6	GCA_904814095.1		CAJGTQ01	2033			2021/01/25	2021/02/21	Contig	AUSTRALIAN NATIONAL UNIVERSITY	SAMEA7321343	53.4
9089	Sminthopsis aitkeni	75753	PRJEB39788	690434	Animals	Mammals	1.75663	44.8	GCA_904814065.1		CAJGTK01	2024			2021/01/25	2021/02/21	Contig	AUSTRALIAN NATIONAL UNIVERSITY	SAMEA7321335	55.2
9076	Sminthopsis bindi	90757	PRJEB39788	690434	Animals	Mammals	1.77004	44.8	GCA_904813735.1		CAJGSA01	1988			2021/01/25	2021/02/21	Contig	AUSTRALIAN NATIONAL UNIVERSITY	SAMEA7321304	55.2
709	Sminthopsis crassicaudata	9301	PRJEB39788	690434	Animals	Mammals	1.749	44.9	GCA_904814005.1		CAJGTD01	1977			2021/01/25	2021/02/21	Contig	AUSTRALIAN NATIONAL UNIVERSITY	SAMEA7321330	55.1
19604	Sminthopsis crassicaudata	9301	PRJEB39788	690434	Animals	Mammals	0.957341	50.2	GCA_904810895.1		CAJGIX01	1869			2021/01/25	2021/02/21	Contig	AUSTRALIAN NATIONAL UNIVERSITY	SAMEA7321018	49.8
9093	Sminthopsis dolichura	75754	PRJEB39788	690434	Animals	Mammals	1.56228	45.8	GCA_904814115.1		CAJGTR01	1971			2021/01/25	2021/02/21	Contig	AUSTRALIAN NATIONAL UNIVERSITY	SAMEA7321340	54.2
9088	Sminthopsis gilberti	75755	PRJEB39788	690434	Animals	Mammals	1.4338	46.7	GCA_904814045.1		CAJGTH01	1990			2021/01/25	2021/02/21	Contig	AUSTRALIAN NATIONAL UNIVERSITY	SAMEA7321333	53.3
9104	Sminthopsis granulipes	90759	PRJEB39788	690434	Animals	Mammals	1.58882	45.1	GCA_904813645.1		CAJGRS01	2034			2021/01/25	2021/02/21	Contig	AUSTRALIAN NATIONAL UNIVERSITY	SAMEA7321293	54.9
16467	Sminthopsis griseoventer	75756	PRJEB39788	690434	Animals	Mammals	0.877635	50.5	GCA_904810975.1		CAJGJG01	1810			2021/01/25	2021/02/21	Contig	AUSTRALIAN NATIONAL UNIVERSITY	SAMEA7321024	49.5
9018	Sminthopsis griseoventer	75756	PRJEB39788	690434	Animals	Mammals	1.39994	47.9	GCA_904814105.1		CAJGTP01	1758			2021/01/25	2021/02/21	Contig	AUSTRALIAN NATIONAL UNIVERSITY	SAMEA7321338	52.1
8991	Sminthopsis hirtipes	90760	PRJEB39788	690434	Animals	Mammals	0.459759	51.0	GCA_904810655.1		CAJGHP01	944			2021/01/25	2021/02/21	Contig	AUSTRALIAN NATIONAL UNIVERSITY	SAMEA7320988	49.0
9106	Sminthopsis leucopus	90761	PRJEB39788	690434	Animals	Mammals	1.77603	44.7	GCA_904813665.1		CAJGRV01	2021			2021/01/25	2021/02/21	Contig	AUSTRALIAN NATIONAL UNIVERSITY	SAMEA7321296	55.3
9002	Sminthopsis longicaudata	90764	PRJEB39788	690434	Animals	Mammals	1.9804	43.0	GCA_904810755.1		CAJGIL01	2076			2021/01/25	2021/02/21	Contig	AUSTRALIAN NATIONAL UNIVERSITY	SAMEA7321000	57.0
9056	Sminthopsis macroura	9302	PRJEB39788	690434	Animals	Mammals	2.45898	44.0	GCA_904813265.1		CAJGQE01	2074			2021/01/25	2021/02/21	Contig	AUSTRALIAN NATIONAL UNIVERSITY	SAMEA7321256	56.0
9078	Sminthopsis murina	32560	PRJEB39788	690434	Animals	Mammals	1.65507	45.0	GCA_904813715.1		CAJGSG01	1926			2021/01/25	2021/02/21	Contig	AUSTRALIAN NATIONAL UNIVERSITY	SAMEA7321306	55.0
8987	Sminthopsis ooldea	90765	PRJEB39788	690434	Animals	Mammals	2.06615	43.5	GCA_904810625.1		CAJGHX01	2069			2021/01/25	2021/02/21	Contig	AUSTRALIAN NATIONAL UNIVERSITY	SAMEA7320984	56.5
8999	Sminthopsis psammophila	90766	PRJEB39788	690434	Animals	Mammals	2.14355	42.5	GCA_904810705.1		CAJGHR01	2064			2021/01/25	2021/02/21	Contig	AUSTRALIAN NATIONAL UNIVERSITY	SAMEA7320997	57.5
9077	Sminthopsis virginiae	90767	PRJEB39788	690434	Animals	Mammals	1.36648	47.8	GCA_904813775.1		CAJGSB01	1785			2021/01/25	2021/02/21	Contig	AUSTRALIAN NATIONAL UNIVERSITY	SAMEA7321305	52.2
9080	Sminthopsis youngsoni	90770	PRJEB39788	690434	Animals	Mammals	1.73077	44.6	GCA_904813815.1		CAJGSK01	2000			2021/01/25	2021/02/21	Contig	AUSTRALIAN NATIONAL UNIVERSITY	SAMEA7321310	55.4
16457	Spilocuscus maculatus	175810	PRJEB39788	690434	Animals	Mammals	1.50465	46.8	GCA_904813885.1		CAJGSQ01	2015			2021/01/25	2021/02/21	Contig	AUSTRALIAN NATIONAL UNIVERSITY	SAMEA7321317	53.2
9049	Spilocuscus maculatus	175810	PRJEB39788	690434	Animals	Mammals	2.34675	45.8	GCA_904812975.1		CAJGPE01	2036			2021/01/25	2021/02/21	Contig	AUSTRALIAN NATIONAL UNIVERSITY	SAMEA7321230	54.2
9081	Spilocuscus rufoniger	114229	PRJEB39788	690434	Animals	Mammals	1.30699	47.1	GCA_904813855.1		CAJGSP01	1952			2021/01/25	2021/02/21	Contig	AUSTRALIAN NATIONAL UNIVERSITY	SAMEA7321313	52.9
9023	Strigocuscus celebensis	293818	PRJEB39788	690434	Animals	Mammals	1.33918	46.3	GCA_904812005.1		CAJGNP01	2072			2021/01/25	2021/02/21	Contig	AUSTRALIAN NATIONAL UNIVERSITY	SAMEA7321033	53.7
9055	Strigocuscus pelengensis	596271	PRJEB39788	690434	Animals	Mammals	2.09943	45.2	GCA_904813245.1		CAJGQF01	2036			2021/01/25	2021/02/21	Contig	AUSTRALIAN NATIONAL UNIVERSITY	SAMEA7321253	54.8
17605	Strigops habroptila	2489341	PRJNA489134	489134	Animals	Birds	285.707	41.7	GCA_004011185.1		RXXF01	3728			2019/01/10	2021/08/11	Scaffold	Vertebrate Genomes Project	SAMN09948751	58.3
30170	Sus scrofa	9823	PRJNA822359	822359	Animals	Mammals	47.9039	46.5	GCA_023065335.1	chromosome Y:CP095500.1		1			2022/04/20	2022/04/20	Chromosome	Jiangxi Agricultural University	SAMN27177792	53.5
30207	Sus scrofa	9823	PRJNA822359	822359	Animals	Mammals	46.1242	47.3	GCA_023065355.1	chromosome Y:CP095499.1		1			2022/04/20	2022/04/20	Chromosome	Jiangxi Agricultural University	SAMN27177793	52.7
30047	Sus scrofa	9823	PRJEB2923	204401	Animals	Mammals	175.055	42.2558	GCA_900119615.2	chromosome X:LT634571.1; chromosome Y:LT634572.1	FPKY02	11			2016/11/21	2017/02/07	Chromosome	Wellcome Sanger Institute	SAMEA1095224	57.7442
23559	Symphalangus syndactylus	9590	PRJNA790674	790674	Animals	Mammals	11.1787	40.5	GCA_030247245.1		DAJXZX01	89			2023/06/08	2023/06/08	Scaffold	BGI-Shenzhen	SAMN24220329	59.5
674	Tarsipes rostratus	38632	PRJEB39788	690434	Animals	Mammals	1.90228	46.2	GCA_904813485.1		CAJGRB01	2006			2021/01/25	2021/02/21	Contig	AUSTRALIAN NATIONAL UNIVERSITY	SAMEA7321276	53.8
9035	Thylogale billardierii	9327	PRJEB39788	690434	Animals	Mammals	2.29678	44.7	GCA_904811155.1		CAJGJT01	2056			2021/01/25	2021/02/21	Contig	AUSTRALIAN NATIONAL UNIVERSITY	SAMEA7321047	55.3
16446	Thylogale browni	710129	PRJEB39788	690434	Animals	Mammals	0.601095	48.7	GCA_904813725.1		CAJGRY01	1021			2021/01/25	2021/02/21	Contig	AUSTRALIAN NATIONAL UNIVERSITY	SAMEA7321298	51.3
9111	Thylogale browni	710129	PRJEB39788	690434	Animals	Mammals	1.29624	47.4	GCA_904813845.1		CAJGSN01	2012			2021/01/25	2021/02/21	Contig	AUSTRALIAN NATIONAL UNIVERSITY	SAMEA7321314	52.6
7585	Trichosurus arnhemensis	175811	PRJEB39788	690434	Animals	Mammals	1.91597	45.8	GCA_904811895.1		CAJGMQ01	2023			2021/01/25	2021/01/25	Contig	AUSTRALIAN NATIONAL UNIVERSITY	SAMEA7321121	54.2
20414	Trichosurus vulpecula	9337	PRJEB39788	690434	Animals	Mammals	2.42382	45.5	GCA_904813205.1		CAJGPZ01	2061			2021/01/25	2021/02/21	Contig	AUSTRALIAN NATIONAL UNIVERSITY	SAMEA7321247	54.5
22949	Trichosurus vulpecula	9337	PRJEB39788	690434	Animals	Mammals	1.85352	46.0	GCA_904811855.1		CAJGMU01	2054			2021/01/25	2021/02/21	Contig	AUSTRALIAN NATIONAL UNIVERSITY	SAMEA7321122	54.0
24449	Trichosurus vulpecula	9337	PRJEB39788	690434	Animals	Mammals	1.55317	46.2	GCA_904813585.1		CAJGRM01	2030			2021/01/25	2021/02/21	Contig	AUSTRALIAN NATIONAL UNIVERSITY	SAMEA7321286	53.8
23445	Trichosurus vulpecula	9337	PRJEB39788	690434	Animals	Mammals	1.53574	46.5	GCA_904813905.1		CAJGSV01	2032			2021/01/25	2021/02/21	Contig	AUSTRALIAN NATIONAL UNIVERSITY	SAMEA7321324	53.5
20999	Ursus arctos	9644	PRJEB5121	243228	Animals	Mammals	0.775393	38.9	GCA_000612945.1		CBZK01	5			2014/03/31	2015/01/30	Scaffold	biodiversity and climate research centre	SAMEA3138984	61.1
20304	Vicugna pacos	30538	PRJNA681610	681610	Animals	Mammals	7.91571	41.1	GCA_018978865.1		JAHKBF01	30			2021/06/21	2021/06/21	Contig	Texas A&M University	SAMN16963716	58.9
20151	Vidua chalybeata	81927	PRJNA889056	889056	Animals	Birds	154.87	49.7	GCA_026979555.1		JAPVRA01	1939			2022/12/16	2022/12/16	Contig	Vertebrate Genomes Project	SAMN12254000	50.3
20417	Vombatus ursinus	29139	PRJEB39788	690434	Animals	Mammals	2.33207	45.3	GCA_904813285.1		CAJGQG01	2060			2021/01/25	2021/02/21	Contig	AUSTRALIAN NATIONAL UNIVERSITY	SAMEA7321257	54.7
23446	Vombatus ursinus	29139	PRJEB39788	690434	Animals	Mammals	1.7717	44.1	GCA_904812115.1		CAJGNL01	2064			2021/01/25	2021/02/21	Contig	AUSTRALIAN NATIONAL UNIVERSITY	SAMEA7321026	55.9
22948	Vombatus ursinus	29139	PRJEB39788	690434	Animals	Mammals	2.06904	45.5	GCA_904813235.1		CAJGQJ01	2070			2021/01/25	2021/02/21	Contig	AUSTRALIAN NATIONAL UNIVERSITY	SAMEA7321255	54.5
9070	Wallabia bicolor	9330	PRJEB39788	690434	Animals	Mammals	2.26063	45.2	GCA_904813435.1		CAJGQY01	2036			2021/01/25	2021/02/21	Contig	AUSTRALIAN NATIONAL UNIVERSITY	SAMEA7321274	54.8
9008	Wyulda squamicaudata	175813	PRJEB39788	690434	Animals	Mammals	1.68245	44.5	GCA_904810785.1		CAJGIT01	2071			2021/01/25	2021/02/21	Contig	AUSTRALIAN NATIONAL UNIVERSITY	SAMEA7321008	55.5
